nohup: ignoring input
2026-04-24 19:46:52,236 (__init__.py:1254 MainThread) ERROR - TeleBot: "Threaded polling exception: A request to the Telegram API was unsuccessful. Error code: 409. Description: Conflict: terminated by other getUpdates request; make sure that only one bot instance is running"
2026-04-24 19:46:52,249 (__init__.py:1256 MainThread) ERROR - TeleBot: "Exception traceback:
Traceback (most recent call last):
  File "/data/data/com.termux/files/usr/lib/python3.13/site-packages/telebot/__init__.py", line 1247, in __threaded_polling
    polling_thread.raise_exceptions()
    ~~~~~~~~~~~~~~~~~~~~~~~~~~~~~~~^^
  File "/data/data/com.termux/files/usr/lib/python3.13/site-packages/telebot/util.py", line 116, in raise_exceptions
    raise self.exception_info
  File "/data/data/com.termux/files/usr/lib/python3.13/site-packages/telebot/util.py", line 98, in run
    task(*args, **kwargs)
    ~~~~^^^^^^^^^^^^^^^^^
  File "/data/data/com.termux/files/usr/lib/python3.13/site-packages/telebot/__init__.py", line 689, in __retrieve_updates
    updates = self.get_updates(offset=(self.last_update_id + 1),
                               allowed_updates=allowed_updates,
                               timeout=timeout, long_polling_timeout=long_polling_timeout)
  File "/data/data/com.termux/files/usr/lib/python3.13/site-packages/telebot/__init__.py", line 661, in get_updates
    json_updates = apihelper.get_updates(
        self.token, offset=offset, limit=limit, timeout=timeout, allowed_updates=allowed_updates,
        long_polling_timeout=long_polling_timeout)
  File "/data/data/com.termux/files/usr/lib/python3.13/site-packages/telebot/apihelper.py", line 339, in get_updates
    return _make_request(token, method_url, params=payload)
  File "/data/data/com.termux/files/usr/lib/python3.13/site-packages/telebot/apihelper.py", line 168, in _make_request
    json_result = _check_result(method_name, result)
  File "/data/data/com.termux/files/usr/lib/python3.13/site-packages/telebot/apihelper.py", line 197, in _check_result
    raise ApiTelegramException(method_name, result, result_json)
telebot.apihelper.ApiTelegramException: A request to the Telegram API was unsuccessful. Error code: 409. Description: Conflict: terminated by other getUpdates request; make sure that only one bot instance is running
"
2026-04-24 19:46:56,082 (__init__.py:1254 MainThread) ERROR - TeleBot: "Threaded polling exception: A request to the Telegram API was unsuccessful. Error code: 409. Description: Conflict: terminated by other getUpdates request; make sure that only one bot instance is running"
2026-04-24 19:46:56,089 (__init__.py:1256 MainThread) ERROR - TeleBot: "Exception traceback:
Traceback (most recent call last):
  File "/data/data/com.termux/files/usr/lib/python3.13/site-packages/telebot/__init__.py", line 1247, in __threaded_polling
    polling_thread.raise_exceptions()
    ~~~~~~~~~~~~~~~~~~~~~~~~~~~~~~~^^
  File "/data/data/com.termux/files/usr/lib/python3.13/site-packages/telebot/util.py", line 116, in raise_exceptions
    raise self.exception_info
  File "/data/data/com.termux/files/usr/lib/python3.13/site-packages/telebot/util.py", line 98, in run
    task(*args, **kwargs)
    ~~~~^^^^^^^^^^^^^^^^^
  File "/data/data/com.termux/files/usr/lib/python3.13/site-packages/telebot/__init__.py", line 689, in __retrieve_updates
    updates = self.get_updates(offset=(self.last_update_id + 1),
                               allowed_updates=allowed_updates,
                               timeout=timeout, long_polling_timeout=long_polling_timeout)
  File "/data/data/com.termux/files/usr/lib/python3.13/site-packages/telebot/__init__.py", line 661, in get_updates
    json_updates = apihelper.get_updates(
        self.token, offset=offset, limit=limit, timeout=timeout, allowed_updates=allowed_updates,
        long_polling_timeout=long_polling_timeout)
  File "/data/data/com.termux/files/usr/lib/python3.13/site-packages/telebot/apihelper.py", line 339, in get_updates
    return _make_request(token, method_url, params=payload)
  File "/data/data/com.termux/files/usr/lib/python3.13/site-packages/telebot/apihelper.py", line 168, in _make_request
    json_result = _check_result(method_name, result)
  File "/data/data/com.termux/files/usr/lib/python3.13/site-packages/telebot/apihelper.py", line 197, in _check_result
    raise ApiTelegramException(method_name, result, result_json)
telebot.apihelper.ApiTelegramException: A request to the Telegram API was unsuccessful. Error code: 409. Description: Conflict: terminated by other getUpdates request; make sure that only one bot instance is running
"
2026-04-24 19:47:00,356 (__init__.py:1254 MainThread) ERROR - TeleBot: "Threaded polling exception: A request to the Telegram API was unsuccessful. Error code: 409. Description: Conflict: terminated by other getUpdates request; make sure that only one bot instance is running"
2026-04-24 19:47:00,363 (__init__.py:1256 MainThread) ERROR - TeleBot: "Exception traceback:
Traceback (most recent call last):
  File "/data/data/com.termux/files/usr/lib/python3.13/site-packages/telebot/__init__.py", line 1247, in __threaded_polling
    polling_thread.raise_exceptions()
    ~~~~~~~~~~~~~~~~~~~~~~~~~~~~~~~^^
  File "/data/data/com.termux/files/usr/lib/python3.13/site-packages/telebot/util.py", line 116, in raise_exceptions
    raise self.exception_info
  File "/data/data/com.termux/files/usr/lib/python3.13/site-packages/telebot/util.py", line 98, in run
    task(*args, **kwargs)
    ~~~~^^^^^^^^^^^^^^^^^
  File "/data/data/com.termux/files/usr/lib/python3.13/site-packages/telebot/__init__.py", line 689, in __retrieve_updates
    updates = self.get_updates(offset=(self.last_update_id + 1),
                               allowed_updates=allowed_updates,
                               timeout=timeout, long_polling_timeout=long_polling_timeout)
  File "/data/data/com.termux/files/usr/lib/python3.13/site-packages/telebot/__init__.py", line 661, in get_updates
    json_updates = apihelper.get_updates(
        self.token, offset=offset, limit=limit, timeout=timeout, allowed_updates=allowed_updates,
        long_polling_timeout=long_polling_timeout)
  File "/data/data/com.termux/files/usr/lib/python3.13/site-packages/telebot/apihelper.py", line 339, in get_updates
    return _make_request(token, method_url, params=payload)
  File "/data/data/com.termux/files/usr/lib/python3.13/site-packages/telebot/apihelper.py", line 168, in _make_request
    json_result = _check_result(method_name, result)
  File "/data/data/com.termux/files/usr/lib/python3.13/site-packages/telebot/apihelper.py", line 197, in _check_result
    raise ApiTelegramException(method_name, result, result_json)
telebot.apihelper.ApiTelegramException: A request to the Telegram API was unsuccessful. Error code: 409. Description: Conflict: terminated by other getUpdates request; make sure that only one bot instance is running
"
2026-04-24 19:47:05,730 (__init__.py:1254 MainThread) ERROR - TeleBot: "Threaded polling exception: A request to the Telegram API was unsuccessful. Error code: 409. Description: Conflict: terminated by other getUpdates request; make sure that only one bot instance is running"
2026-04-24 19:47:05,739 (__init__.py:1256 MainThread) ERROR - TeleBot: "Exception traceback:
Traceback (most recent call last):
  File "/data/data/com.termux/files/usr/lib/python3.13/site-packages/telebot/__init__.py", line 1247, in __threaded_polling
    polling_thread.raise_exceptions()
    ~~~~~~~~~~~~~~~~~~~~~~~~~~~~~~~^^
  File "/data/data/com.termux/files/usr/lib/python3.13/site-packages/telebot/util.py", line 116, in raise_exceptions
    raise self.exception_info
  File "/data/data/com.termux/files/usr/lib/python3.13/site-packages/telebot/util.py", line 98, in run
    task(*args, **kwargs)
    ~~~~^^^^^^^^^^^^^^^^^
  File "/data/data/com.termux/files/usr/lib/python3.13/site-packages/telebot/__init__.py", line 689, in __retrieve_updates
    updates = self.get_updates(offset=(self.last_update_id + 1),
                               allowed_updates=allowed_updates,
                               timeout=timeout, long_polling_timeout=long_polling_timeout)
  File "/data/data/com.termux/files/usr/lib/python3.13/site-packages/telebot/__init__.py", line 661, in get_updates
    json_updates = apihelper.get_updates(
        self.token, offset=offset, limit=limit, timeout=timeout, allowed_updates=allowed_updates,
        long_polling_timeout=long_polling_timeout)
  File "/data/data/com.termux/files/usr/lib/python3.13/site-packages/telebot/apihelper.py", line 339, in get_updates
    return _make_request(token, method_url, params=payload)
  File "/data/data/com.termux/files/usr/lib/python3.13/site-packages/telebot/apihelper.py", line 168, in _make_request
    json_result = _check_result(method_name, result)
  File "/data/data/com.termux/files/usr/lib/python3.13/site-packages/telebot/apihelper.py", line 197, in _check_result
    raise ApiTelegramException(method_name, result, result_json)
telebot.apihelper.ApiTelegramException: A request to the Telegram API was unsuccessful. Error code: 409. Description: Conflict: terminated by other getUpdates request; make sure that only one bot instance is running
"
2026-04-24 19:47:11,362 (__init__.py:1254 MainThread) ERROR - TeleBot: "Threaded polling exception: A request to the Telegram API was unsuccessful. Error code: 409. Description: Conflict: terminated by other getUpdates request; make sure that only one bot instance is running"
2026-04-24 19:47:11,374 (__init__.py:1256 MainThread) ERROR - TeleBot: "Exception traceback:
Traceback (most recent call last):
  File "/data/data/com.termux/files/usr/lib/python3.13/site-packages/telebot/__init__.py", line 1247, in __threaded_polling
    polling_thread.raise_exceptions()
    ~~~~~~~~~~~~~~~~~~~~~~~~~~~~~~~^^
  File "/data/data/com.termux/files/usr/lib/python3.13/site-packages/telebot/util.py", line 116, in raise_exceptions
    raise self.exception_info
  File "/data/data/com.termux/files/usr/lib/python3.13/site-packages/telebot/util.py", line 98, in run
    task(*args, **kwargs)
    ~~~~^^^^^^^^^^^^^^^^^
  File "/data/data/com.termux/files/usr/lib/python3.13/site-packages/telebot/__init__.py", line 689, in __retrieve_updates
    updates = self.get_updates(offset=(self.last_update_id + 1),
                               allowed_updates=allowed_updates,
                               timeout=timeout, long_polling_timeout=long_polling_timeout)
  File "/data/data/com.termux/files/usr/lib/python3.13/site-packages/telebot/__init__.py", line 661, in get_updates
    json_updates = apihelper.get_updates(
        self.token, offset=offset, limit=limit, timeout=timeout, allowed_updates=allowed_updates,
        long_polling_timeout=long_polling_timeout)
  File "/data/data/com.termux/files/usr/lib/python3.13/site-packages/telebot/apihelper.py", line 339, in get_updates
    return _make_request(token, method_url, params=payload)
  File "/data/data/com.termux/files/usr/lib/python3.13/site-packages/telebot/apihelper.py", line 168, in _make_request
    json_result = _check_result(method_name, result)
  File "/data/data/com.termux/files/usr/lib/python3.13/site-packages/telebot/apihelper.py", line 197, in _check_result
    raise ApiTelegramException(method_name, result, result_json)
telebot.apihelper.ApiTelegramException: A request to the Telegram API was unsuccessful. Error code: 409. Description: Conflict: terminated by other getUpdates request; make sure that only one bot instance is running
"
2026-04-24 19:47:11,767 (__init__.py:1254 MainThread) ERROR - TeleBot: "Threaded polling exception: A request to the Telegram API was unsuccessful. Error code: 400. Description: Bad Request: there is no text in the message to edit"
2026-04-24 19:47:11,782 (__init__.py:1256 MainThread) ERROR - TeleBot: "Exception traceback:
Traceback (most recent call last):
  File "/data/data/com.termux/files/usr/lib/python3.13/site-packages/telebot/__init__.py", line 1248, in __threaded_polling
    self.worker_pool.raise_exceptions()
    ~~~~~~~~~~~~~~~~~~~~~~~~~~~~~~~~~^^
  File "/data/data/com.termux/files/usr/lib/python3.13/site-packages/telebot/util.py", line 155, in raise_exceptions
    raise self.exception_info
  File "/data/data/com.termux/files/usr/lib/python3.13/site-packages/telebot/util.py", line 98, in run
    task(*args, **kwargs)
    ~~~~^^^^^^^^^^^^^^^^^
  File "/data/data/com.termux/files/usr/lib/python3.13/site-packages/telebot/__init__.py", line 10609, in _run_middlewares_and_handler
    result = handler['function'](message)
  File "/data/data/com.termux/files/home/telegram_bot/telegram_bot/bot.py", line 546, in callback_handler
    bot.edit_message_text(tr(user_id, "generate_prompt"), chat_id=call.message.chat.id, message_id=call.message.message_id, reply_markup=back_button(user_id))
    ~~~~~~~~~~~~~~~~~~~~~^^^^^^^^^^^^^^^^^^^^^^^^^^^^^^^^^^^^^^^^^^^^^^^^^^^^^^^^^^^^^^^^^^^^^^^^^^^^^^^^^^^^^^^^^^^^^^^^^^^^^^^^^^^^^^^^^^^^^^^^^^^^^^^^^^^^^
  File "/data/data/com.termux/files/usr/lib/python3.13/site-packages/telebot/__init__.py", line 5513, in edit_message_text
    result = apihelper.edit_message_text(
        self.token, text, chat_id=chat_id, message_id=message_id, inline_message_id=inline_message_id,
        parse_mode=parse_mode, entities=entities, reply_markup=reply_markup, link_preview_options=link_preview_options,
        business_connection_id=business_connection_id, timeout=timeout)
  File "/data/data/com.termux/files/usr/lib/python3.13/site-packages/telebot/apihelper.py", line 1688, in edit_message_text
    return _make_request(token, method_url, params=payload, method='post')
  File "/data/data/com.termux/files/usr/lib/python3.13/site-packages/telebot/apihelper.py", line 168, in _make_request
    json_result = _check_result(method_name, result)
  File "/data/data/com.termux/files/usr/lib/python3.13/site-packages/telebot/apihelper.py", line 197, in _check_result
    raise ApiTelegramException(method_name, result, result_json)
telebot.apihelper.ApiTelegramException: A request to the Telegram API was unsuccessful. Error code: 400. Description: Bad Request: there is no text in the message to edit
"
2026-04-24 19:47:14,854 (__init__.py:1254 MainThread) ERROR - TeleBot: "Threaded polling exception: A request to the Telegram API was unsuccessful. Error code: 409. Description: Conflict: terminated by other getUpdates request; make sure that only one bot instance is running"
2026-04-24 19:47:14,862 (__init__.py:1256 MainThread) ERROR - TeleBot: "Exception traceback:
Traceback (most recent call last):
  File "/data/data/com.termux/files/usr/lib/python3.13/site-packages/telebot/__init__.py", line 1247, in __threaded_polling
    polling_thread.raise_exceptions()
    ~~~~~~~~~~~~~~~~~~~~~~~~~~~~~~~^^
  File "/data/data/com.termux/files/usr/lib/python3.13/site-packages/telebot/util.py", line 116, in raise_exceptions
    raise self.exception_info
  File "/data/data/com.termux/files/usr/lib/python3.13/site-packages/telebot/util.py", line 98, in run
    task(*args, **kwargs)
    ~~~~^^^^^^^^^^^^^^^^^
  File "/data/data/com.termux/files/usr/lib/python3.13/site-packages/telebot/__init__.py", line 689, in __retrieve_updates
    updates = self.get_updates(offset=(self.last_update_id + 1),
                               allowed_updates=allowed_updates,
                               timeout=timeout, long_polling_timeout=long_polling_timeout)
  File "/data/data/com.termux/files/usr/lib/python3.13/site-packages/telebot/__init__.py", line 661, in get_updates
    json_updates = apihelper.get_updates(
        self.token, offset=offset, limit=limit, timeout=timeout, allowed_updates=allowed_updates,
        long_polling_timeout=long_polling_timeout)
  File "/data/data/com.termux/files/usr/lib/python3.13/site-packages/telebot/apihelper.py", line 339, in get_updates
    return _make_request(token, method_url, params=payload)
  File "/data/data/com.termux/files/usr/lib/python3.13/site-packages/telebot/apihelper.py", line 168, in _make_request
    json_result = _check_result(method_name, result)
  File "/data/data/com.termux/files/usr/lib/python3.13/site-packages/telebot/apihelper.py", line 197, in _check_result
    raise ApiTelegramException(method_name, result, result_json)
telebot.apihelper.ApiTelegramException: A request to the Telegram API was unsuccessful. Error code: 409. Description: Conflict: terminated by other getUpdates request; make sure that only one bot instance is running
"
2026-04-24 19:47:19,306 (__init__.py:1254 MainThread) ERROR - TeleBot: "Threaded polling exception: A request to the Telegram API was unsuccessful. Error code: 400. Description: Bad Request: there is no text in the message to edit"
2026-04-24 19:47:19,315 (__init__.py:1256 MainThread) ERROR - TeleBot: "Exception traceback:
Traceback (most recent call last):
  File "/data/data/com.termux/files/usr/lib/python3.13/site-packages/telebot/__init__.py", line 1248, in __threaded_polling
    self.worker_pool.raise_exceptions()
    ~~~~~~~~~~~~~~~~~~~~~~~~~~~~~~~~~^^
  File "/data/data/com.termux/files/usr/lib/python3.13/site-packages/telebot/util.py", line 155, in raise_exceptions
    raise self.exception_info
  File "/data/data/com.termux/files/usr/lib/python3.13/site-packages/telebot/util.py", line 98, in run
    task(*args, **kwargs)
    ~~~~^^^^^^^^^^^^^^^^^
  File "/data/data/com.termux/files/usr/lib/python3.13/site-packages/telebot/__init__.py", line 10609, in _run_middlewares_and_handler
    result = handler['function'](message)
  File "/data/data/com.termux/files/home/telegram_bot/telegram_bot/bot.py", line 546, in callback_handler
    bot.edit_message_text(tr(user_id, "generate_prompt"), chat_id=call.message.chat.id, message_id=call.message.message_id, reply_markup=back_button(user_id))
    ~~~~~~~~~~~~~~~~~~~~~^^^^^^^^^^^^^^^^^^^^^^^^^^^^^^^^^^^^^^^^^^^^^^^^^^^^^^^^^^^^^^^^^^^^^^^^^^^^^^^^^^^^^^^^^^^^^^^^^^^^^^^^^^^^^^^^^^^^^^^^^^^^^^^^^^^^^
  File "/data/data/com.termux/files/usr/lib/python3.13/site-packages/telebot/__init__.py", line 5513, in edit_message_text
    result = apihelper.edit_message_text(
        self.token, text, chat_id=chat_id, message_id=message_id, inline_message_id=inline_message_id,
        parse_mode=parse_mode, entities=entities, reply_markup=reply_markup, link_preview_options=link_preview_options,
        business_connection_id=business_connection_id, timeout=timeout)
  File "/data/data/com.termux/files/usr/lib/python3.13/site-packages/telebot/apihelper.py", line 1688, in edit_message_text
    return _make_request(token, method_url, params=payload, method='post')
  File "/data/data/com.termux/files/usr/lib/python3.13/site-packages/telebot/apihelper.py", line 168, in _make_request
    json_result = _check_result(method_name, result)
  File "/data/data/com.termux/files/usr/lib/python3.13/site-packages/telebot/apihelper.py", line 197, in _check_result
    raise ApiTelegramException(method_name, result, result_json)
telebot.apihelper.ApiTelegramException: A request to the Telegram API was unsuccessful. Error code: 400. Description: Bad Request: there is no text in the message to edit
"
2026-04-24 19:47:23,890 (__init__.py:1254 MainThread) ERROR - TeleBot: "Threaded polling exception: A request to the Telegram API was unsuccessful. Error code: 409. Description: Conflict: terminated by other getUpdates request; make sure that only one bot instance is running"
2026-04-24 19:47:23,903 (__init__.py:1256 MainThread) ERROR - TeleBot: "Exception traceback:
Traceback (most recent call last):
  File "/data/data/com.termux/files/usr/lib/python3.13/site-packages/telebot/__init__.py", line 1247, in __threaded_polling
    polling_thread.raise_exceptions()
    ~~~~~~~~~~~~~~~~~~~~~~~~~~~~~~~^^
  File "/data/data/com.termux/files/usr/lib/python3.13/site-packages/telebot/util.py", line 116, in raise_exceptions
    raise self.exception_info
  File "/data/data/com.termux/files/usr/lib/python3.13/site-packages/telebot/util.py", line 98, in run
    task(*args, **kwargs)
    ~~~~^^^^^^^^^^^^^^^^^
  File "/data/data/com.termux/files/usr/lib/python3.13/site-packages/telebot/__init__.py", line 689, in __retrieve_updates
    updates = self.get_updates(offset=(self.last_update_id + 1),
                               allowed_updates=allowed_updates,
                               timeout=timeout, long_polling_timeout=long_polling_timeout)
  File "/data/data/com.termux/files/usr/lib/python3.13/site-packages/telebot/__init__.py", line 661, in get_updates
    json_updates = apihelper.get_updates(
        self.token, offset=offset, limit=limit, timeout=timeout, allowed_updates=allowed_updates,
        long_polling_timeout=long_polling_timeout)
  File "/data/data/com.termux/files/usr/lib/python3.13/site-packages/telebot/apihelper.py", line 339, in get_updates
    return _make_request(token, method_url, params=payload)
  File "/data/data/com.termux/files/usr/lib/python3.13/site-packages/telebot/apihelper.py", line 168, in _make_request
    json_result = _check_result(method_name, result)
  File "/data/data/com.termux/files/usr/lib/python3.13/site-packages/telebot/apihelper.py", line 197, in _check_result
    raise ApiTelegramException(method_name, result, result_json)
telebot.apihelper.ApiTelegramException: A request to the Telegram API was unsuccessful. Error code: 409. Description: Conflict: terminated by other getUpdates request; make sure that only one bot instance is running
"
2026-04-24 19:47:25,170 (__init__.py:1254 MainThread) ERROR - TeleBot: "Threaded polling exception: A request to the Telegram API was unsuccessful. Error code: 400. Description: Bad Request: there is no text in the message to edit"
2026-04-24 19:47:25,187 (__init__.py:1256 MainThread) ERROR - TeleBot: "Exception traceback:
Traceback (most recent call last):
  File "/data/data/com.termux/files/usr/lib/python3.13/site-packages/telebot/__init__.py", line 1248, in __threaded_polling
    self.worker_pool.raise_exceptions()
    ~~~~~~~~~~~~~~~~~~~~~~~~~~~~~~~~~^^
  File "/data/data/com.termux/files/usr/lib/python3.13/site-packages/telebot/util.py", line 155, in raise_exceptions
    raise self.exception_info
  File "/data/data/com.termux/files/usr/lib/python3.13/site-packages/telebot/util.py", line 98, in run
    task(*args, **kwargs)
    ~~~~^^^^^^^^^^^^^^^^^
  File "/data/data/com.termux/files/usr/lib/python3.13/site-packages/telebot/__init__.py", line 10609, in _run_middlewares_and_handler
    result = handler['function'](message)
  File "/data/data/com.termux/files/home/telegram_bot/telegram_bot/bot.py", line 546, in callback_handler
    bot.edit_message_text(tr(user_id, "generate_prompt"), chat_id=call.message.chat.id, message_id=call.message.message_id, reply_markup=back_button(user_id))
    ~~~~~~~~~~~~~~~~~~~~~^^^^^^^^^^^^^^^^^^^^^^^^^^^^^^^^^^^^^^^^^^^^^^^^^^^^^^^^^^^^^^^^^^^^^^^^^^^^^^^^^^^^^^^^^^^^^^^^^^^^^^^^^^^^^^^^^^^^^^^^^^^^^^^^^^^^^
  File "/data/data/com.termux/files/usr/lib/python3.13/site-packages/telebot/__init__.py", line 5513, in edit_message_text
    result = apihelper.edit_message_text(
        self.token, text, chat_id=chat_id, message_id=message_id, inline_message_id=inline_message_id,
        parse_mode=parse_mode, entities=entities, reply_markup=reply_markup, link_preview_options=link_preview_options,
        business_connection_id=business_connection_id, timeout=timeout)
  File "/data/data/com.termux/files/usr/lib/python3.13/site-packages/telebot/apihelper.py", line 1688, in edit_message_text
    return _make_request(token, method_url, params=payload, method='post')
  File "/data/data/com.termux/files/usr/lib/python3.13/site-packages/telebot/apihelper.py", line 168, in _make_request
    json_result = _check_result(method_name, result)
  File "/data/data/com.termux/files/usr/lib/python3.13/site-packages/telebot/apihelper.py", line 197, in _check_result
    raise ApiTelegramException(method_name, result, result_json)
telebot.apihelper.ApiTelegramException: A request to the Telegram API was unsuccessful. Error code: 400. Description: Bad Request: there is no text in the message to edit
"
2026-04-24 19:47:29,650 (__init__.py:1254 MainThread) ERROR - TeleBot: "Threaded polling exception: A request to the Telegram API was unsuccessful. Error code: 409. Description: Conflict: terminated by other getUpdates request; make sure that only one bot instance is running"
2026-04-24 19:47:29,661 (__init__.py:1256 MainThread) ERROR - TeleBot: "Exception traceback:
Traceback (most recent call last):
  File "/data/data/com.termux/files/usr/lib/python3.13/site-packages/telebot/__init__.py", line 1247, in __threaded_polling
    polling_thread.raise_exceptions()
    ~~~~~~~~~~~~~~~~~~~~~~~~~~~~~~~^^
  File "/data/data/com.termux/files/usr/lib/python3.13/site-packages/telebot/util.py", line 116, in raise_exceptions
    raise self.exception_info
  File "/data/data/com.termux/files/usr/lib/python3.13/site-packages/telebot/util.py", line 98, in run
    task(*args, **kwargs)
    ~~~~^^^^^^^^^^^^^^^^^
  File "/data/data/com.termux/files/usr/lib/python3.13/site-packages/telebot/__init__.py", line 689, in __retrieve_updates
    updates = self.get_updates(offset=(self.last_update_id + 1),
                               allowed_updates=allowed_updates,
                               timeout=timeout, long_polling_timeout=long_polling_timeout)
  File "/data/data/com.termux/files/usr/lib/python3.13/site-packages/telebot/__init__.py", line 661, in get_updates
    json_updates = apihelper.get_updates(
        self.token, offset=offset, limit=limit, timeout=timeout, allowed_updates=allowed_updates,
        long_polling_timeout=long_polling_timeout)
  File "/data/data/com.termux/files/usr/lib/python3.13/site-packages/telebot/apihelper.py", line 339, in get_updates
    return _make_request(token, method_url, params=payload)
  File "/data/data/com.termux/files/usr/lib/python3.13/site-packages/telebot/apihelper.py", line 168, in _make_request
    json_result = _check_result(method_name, result)
  File "/data/data/com.termux/files/usr/lib/python3.13/site-packages/telebot/apihelper.py", line 197, in _check_result
    raise ApiTelegramException(method_name, result, result_json)
telebot.apihelper.ApiTelegramException: A request to the Telegram API was unsuccessful. Error code: 409. Description: Conflict: terminated by other getUpdates request; make sure that only one bot instance is running
"
2026-04-24 19:47:37,498 (__init__.py:1254 MainThread) ERROR - TeleBot: "Threaded polling exception: A request to the Telegram API was unsuccessful. Error code: 409. Description: Conflict: terminated by other getUpdates request; make sure that only one bot instance is running"
2026-04-24 19:47:37,504 (__init__.py:1256 MainThread) ERROR - TeleBot: "Exception traceback:
Traceback (most recent call last):
  File "/data/data/com.termux/files/usr/lib/python3.13/site-packages/telebot/__init__.py", line 1247, in __threaded_polling
    polling_thread.raise_exceptions()
    ~~~~~~~~~~~~~~~~~~~~~~~~~~~~~~~^^
  File "/data/data/com.termux/files/usr/lib/python3.13/site-packages/telebot/util.py", line 116, in raise_exceptions
    raise self.exception_info
  File "/data/data/com.termux/files/usr/lib/python3.13/site-packages/telebot/util.py", line 98, in run
    task(*args, **kwargs)
    ~~~~^^^^^^^^^^^^^^^^^
  File "/data/data/com.termux/files/usr/lib/python3.13/site-packages/telebot/__init__.py", line 689, in __retrieve_updates
    updates = self.get_updates(offset=(self.last_update_id + 1),
                               allowed_updates=allowed_updates,
                               timeout=timeout, long_polling_timeout=long_polling_timeout)
  File "/data/data/com.termux/files/usr/lib/python3.13/site-packages/telebot/__init__.py", line 661, in get_updates
    json_updates = apihelper.get_updates(
        self.token, offset=offset, limit=limit, timeout=timeout, allowed_updates=allowed_updates,
        long_polling_timeout=long_polling_timeout)
  File "/data/data/com.termux/files/usr/lib/python3.13/site-packages/telebot/apihelper.py", line 339, in get_updates
    return _make_request(token, method_url, params=payload)
  File "/data/data/com.termux/files/usr/lib/python3.13/site-packages/telebot/apihelper.py", line 168, in _make_request
    json_result = _check_result(method_name, result)
  File "/data/data/com.termux/files/usr/lib/python3.13/site-packages/telebot/apihelper.py", line 197, in _check_result
    raise ApiTelegramException(method_name, result, result_json)
telebot.apihelper.ApiTelegramException: A request to the Telegram API was unsuccessful. Error code: 409. Description: Conflict: terminated by other getUpdates request; make sure that only one bot instance is running
"
2026-04-24 19:47:49,746 (__init__.py:1254 MainThread) ERROR - TeleBot: "Threaded polling exception: A request to the Telegram API was unsuccessful. Error code: 409. Description: Conflict: terminated by other getUpdates request; make sure that only one bot instance is running"
2026-04-24 19:47:49,749 (__init__.py:1256 MainThread) ERROR - TeleBot: "Exception traceback:
Traceback (most recent call last):
  File "/data/data/com.termux/files/usr/lib/python3.13/site-packages/telebot/__init__.py", line 1247, in __threaded_polling
    polling_thread.raise_exceptions()
    ~~~~~~~~~~~~~~~~~~~~~~~~~~~~~~~^^
  File "/data/data/com.termux/files/usr/lib/python3.13/site-packages/telebot/util.py", line 116, in raise_exceptions
    raise self.exception_info
  File "/data/data/com.termux/files/usr/lib/python3.13/site-packages/telebot/util.py", line 98, in run
    task(*args, **kwargs)
    ~~~~^^^^^^^^^^^^^^^^^
  File "/data/data/com.termux/files/usr/lib/python3.13/site-packages/telebot/__init__.py", line 689, in __retrieve_updates
    updates = self.get_updates(offset=(self.last_update_id + 1),
                               allowed_updates=allowed_updates,
                               timeout=timeout, long_polling_timeout=long_polling_timeout)
  File "/data/data/com.termux/files/usr/lib/python3.13/site-packages/telebot/__init__.py", line 661, in get_updates
    json_updates = apihelper.get_updates(
        self.token, offset=offset, limit=limit, timeout=timeout, allowed_updates=allowed_updates,
        long_polling_timeout=long_polling_timeout)
  File "/data/data/com.termux/files/usr/lib/python3.13/site-packages/telebot/apihelper.py", line 339, in get_updates
    return _make_request(token, method_url, params=payload)
  File "/data/data/com.termux/files/usr/lib/python3.13/site-packages/telebot/apihelper.py", line 168, in _make_request
    json_result = _check_result(method_name, result)
  File "/data/data/com.termux/files/usr/lib/python3.13/site-packages/telebot/apihelper.py", line 197, in _check_result
    raise ApiTelegramException(method_name, result, result_json)
telebot.apihelper.ApiTelegramException: A request to the Telegram API was unsuccessful. Error code: 409. Description: Conflict: terminated by other getUpdates request; make sure that only one bot instance is running
"
2026-04-24 19:48:11,101 (__init__.py:1254 MainThread) ERROR - TeleBot: "Threaded polling exception: A request to the Telegram API was unsuccessful. Error code: 409. Description: Conflict: terminated by other getUpdates request; make sure that only one bot instance is running"
2026-04-24 19:48:11,132 (__init__.py:1256 MainThread) ERROR - TeleBot: "Exception traceback:
Traceback (most recent call last):
  File "/data/data/com.termux/files/usr/lib/python3.13/site-packages/telebot/__init__.py", line 1247, in __threaded_polling
    polling_thread.raise_exceptions()
    ~~~~~~~~~~~~~~~~~~~~~~~~~~~~~~~^^
  File "/data/data/com.termux/files/usr/lib/python3.13/site-packages/telebot/util.py", line 116, in raise_exceptions
    raise self.exception_info
  File "/data/data/com.termux/files/usr/lib/python3.13/site-packages/telebot/util.py", line 98, in run
    task(*args, **kwargs)
    ~~~~^^^^^^^^^^^^^^^^^
  File "/data/data/com.termux/files/usr/lib/python3.13/site-packages/telebot/__init__.py", line 689, in __retrieve_updates
    updates = self.get_updates(offset=(self.last_update_id + 1),
                               allowed_updates=allowed_updates,
                               timeout=timeout, long_polling_timeout=long_polling_timeout)
  File "/data/data/com.termux/files/usr/lib/python3.13/site-packages/telebot/__init__.py", line 661, in get_updates
    json_updates = apihelper.get_updates(
        self.token, offset=offset, limit=limit, timeout=timeout, allowed_updates=allowed_updates,
        long_polling_timeout=long_polling_timeout)
  File "/data/data/com.termux/files/usr/lib/python3.13/site-packages/telebot/apihelper.py", line 339, in get_updates
    return _make_request(token, method_url, params=payload)
  File "/data/data/com.termux/files/usr/lib/python3.13/site-packages/telebot/apihelper.py", line 168, in _make_request
    json_result = _check_result(method_name, result)
  File "/data/data/com.termux/files/usr/lib/python3.13/site-packages/telebot/apihelper.py", line 197, in _check_result
    raise ApiTelegramException(method_name, result, result_json)
telebot.apihelper.ApiTelegramException: A request to the Telegram API was unsuccessful. Error code: 409. Description: Conflict: terminated by other getUpdates request; make sure that only one bot instance is running
"
2026-04-24 19:48:47,376 (__init__.py:1254 MainThread) ERROR - TeleBot: "Threaded polling exception: A request to the Telegram API was unsuccessful. Error code: 409. Description: Conflict: terminated by other getUpdates request; make sure that only one bot instance is running"
2026-04-24 19:48:47,380 (__init__.py:1256 MainThread) ERROR - TeleBot: "Exception traceback:
Traceback (most recent call last):
  File "/data/data/com.termux/files/usr/lib/python3.13/site-packages/telebot/__init__.py", line 1247, in __threaded_polling
    polling_thread.raise_exceptions()
    ~~~~~~~~~~~~~~~~~~~~~~~~~~~~~~~^^
  File "/data/data/com.termux/files/usr/lib/python3.13/site-packages/telebot/util.py", line 116, in raise_exceptions
    raise self.exception_info
  File "/data/data/com.termux/files/usr/lib/python3.13/site-packages/telebot/util.py", line 98, in run
    task(*args, **kwargs)
    ~~~~^^^^^^^^^^^^^^^^^
  File "/data/data/com.termux/files/usr/lib/python3.13/site-packages/telebot/__init__.py", line 689, in __retrieve_updates
    updates = self.get_updates(offset=(self.last_update_id + 1),
                               allowed_updates=allowed_updates,
                               timeout=timeout, long_polling_timeout=long_polling_timeout)
  File "/data/data/com.termux/files/usr/lib/python3.13/site-packages/telebot/__init__.py", line 661, in get_updates
    json_updates = apihelper.get_updates(
        self.token, offset=offset, limit=limit, timeout=timeout, allowed_updates=allowed_updates,
        long_polling_timeout=long_polling_timeout)
  File "/data/data/com.termux/files/usr/lib/python3.13/site-packages/telebot/apihelper.py", line 339, in get_updates
    return _make_request(token, method_url, params=payload)
  File "/data/data/com.termux/files/usr/lib/python3.13/site-packages/telebot/apihelper.py", line 168, in _make_request
    json_result = _check_result(method_name, result)
  File "/data/data/com.termux/files/usr/lib/python3.13/site-packages/telebot/apihelper.py", line 197, in _check_result
    raise ApiTelegramException(method_name, result, result_json)
telebot.apihelper.ApiTelegramException: A request to the Telegram API was unsuccessful. Error code: 409. Description: Conflict: terminated by other getUpdates request; make sure that only one bot instance is running
"
2026-04-24 19:49:55,657 (__init__.py:1254 MainThread) ERROR - TeleBot: "Threaded polling exception: A request to the Telegram API was unsuccessful. Error code: 409. Description: Conflict: terminated by other getUpdates request; make sure that only one bot instance is running"
2026-04-24 19:49:55,665 (__init__.py:1256 MainThread) ERROR - TeleBot: "Exception traceback:
Traceback (most recent call last):
  File "/data/data/com.termux/files/usr/lib/python3.13/site-packages/telebot/__init__.py", line 1247, in __threaded_polling
    polling_thread.raise_exceptions()
    ~~~~~~~~~~~~~~~~~~~~~~~~~~~~~~~^^
  File "/data/data/com.termux/files/usr/lib/python3.13/site-packages/telebot/util.py", line 116, in raise_exceptions
    raise self.exception_info
  File "/data/data/com.termux/files/usr/lib/python3.13/site-packages/telebot/util.py", line 98, in run
    task(*args, **kwargs)
    ~~~~^^^^^^^^^^^^^^^^^
  File "/data/data/com.termux/files/usr/lib/python3.13/site-packages/telebot/__init__.py", line 689, in __retrieve_updates
    updates = self.get_updates(offset=(self.last_update_id + 1),
                               allowed_updates=allowed_updates,
                               timeout=timeout, long_polling_timeout=long_polling_timeout)
  File "/data/data/com.termux/files/usr/lib/python3.13/site-packages/telebot/__init__.py", line 661, in get_updates
    json_updates = apihelper.get_updates(
        self.token, offset=offset, limit=limit, timeout=timeout, allowed_updates=allowed_updates,
        long_polling_timeout=long_polling_timeout)
  File "/data/data/com.termux/files/usr/lib/python3.13/site-packages/telebot/apihelper.py", line 339, in get_updates
    return _make_request(token, method_url, params=payload)
  File "/data/data/com.termux/files/usr/lib/python3.13/site-packages/telebot/apihelper.py", line 168, in _make_request
    json_result = _check_result(method_name, result)
  File "/data/data/com.termux/files/usr/lib/python3.13/site-packages/telebot/apihelper.py", line 197, in _check_result
    raise ApiTelegramException(method_name, result, result_json)
telebot.apihelper.ApiTelegramException: A request to the Telegram API was unsuccessful. Error code: 409. Description: Conflict: terminated by other getUpdates request; make sure that only one bot instance is running
"
2026-04-24 19:50:59,141 (__init__.py:1254 MainThread) ERROR - TeleBot: "Threaded polling exception: A request to the Telegram API was unsuccessful. Error code: 409. Description: Conflict: terminated by other getUpdates request; make sure that only one bot instance is running"
2026-04-24 19:50:59,149 (__init__.py:1256 MainThread) ERROR - TeleBot: "Exception traceback:
Traceback (most recent call last):
  File "/data/data/com.termux/files/usr/lib/python3.13/site-packages/telebot/__init__.py", line 1247, in __threaded_polling
    polling_thread.raise_exceptions()
    ~~~~~~~~~~~~~~~~~~~~~~~~~~~~~~~^^
  File "/data/data/com.termux/files/usr/lib/python3.13/site-packages/telebot/util.py", line 116, in raise_exceptions
    raise self.exception_info
  File "/data/data/com.termux/files/usr/lib/python3.13/site-packages/telebot/util.py", line 98, in run
    task(*args, **kwargs)
    ~~~~^^^^^^^^^^^^^^^^^
  File "/data/data/com.termux/files/usr/lib/python3.13/site-packages/telebot/__init__.py", line 689, in __retrieve_updates
    updates = self.get_updates(offset=(self.last_update_id + 1),
                               allowed_updates=allowed_updates,
                               timeout=timeout, long_polling_timeout=long_polling_timeout)
  File "/data/data/com.termux/files/usr/lib/python3.13/site-packages/telebot/__init__.py", line 661, in get_updates
    json_updates = apihelper.get_updates(
        self.token, offset=offset, limit=limit, timeout=timeout, allowed_updates=allowed_updates,
        long_polling_timeout=long_polling_timeout)
  File "/data/data/com.termux/files/usr/lib/python3.13/site-packages/telebot/apihelper.py", line 339, in get_updates
    return _make_request(token, method_url, params=payload)
  File "/data/data/com.termux/files/usr/lib/python3.13/site-packages/telebot/apihelper.py", line 168, in _make_request
    json_result = _check_result(method_name, result)
  File "/data/data/com.termux/files/usr/lib/python3.13/site-packages/telebot/apihelper.py", line 197, in _check_result
    raise ApiTelegramException(method_name, result, result_json)
telebot.apihelper.ApiTelegramException: A request to the Telegram API was unsuccessful. Error code: 409. Description: Conflict: terminated by other getUpdates request; make sure that only one bot instance is running
"
2026-04-24 19:52:02,667 (__init__.py:1254 MainThread) ERROR - TeleBot: "Threaded polling exception: A request to the Telegram API was unsuccessful. Error code: 409. Description: Conflict: terminated by other getUpdates request; make sure that only one bot instance is running"
2026-04-24 19:52:02,679 (__init__.py:1256 MainThread) ERROR - TeleBot: "Exception traceback:
Traceback (most recent call last):
  File "/data/data/com.termux/files/usr/lib/python3.13/site-packages/telebot/__init__.py", line 1247, in __threaded_polling
    polling_thread.raise_exceptions()
    ~~~~~~~~~~~~~~~~~~~~~~~~~~~~~~~^^
  File "/data/data/com.termux/files/usr/lib/python3.13/site-packages/telebot/util.py", line 116, in raise_exceptions
    raise self.exception_info
  File "/data/data/com.termux/files/usr/lib/python3.13/site-packages/telebot/util.py", line 98, in run
    task(*args, **kwargs)
    ~~~~^^^^^^^^^^^^^^^^^
  File "/data/data/com.termux/files/usr/lib/python3.13/site-packages/telebot/__init__.py", line 689, in __retrieve_updates
    updates = self.get_updates(offset=(self.last_update_id + 1),
                               allowed_updates=allowed_updates,
                               timeout=timeout, long_polling_timeout=long_polling_timeout)
  File "/data/data/com.termux/files/usr/lib/python3.13/site-packages/telebot/__init__.py", line 661, in get_updates
    json_updates = apihelper.get_updates(
        self.token, offset=offset, limit=limit, timeout=timeout, allowed_updates=allowed_updates,
        long_polling_timeout=long_polling_timeout)
  File "/data/data/com.termux/files/usr/lib/python3.13/site-packages/telebot/apihelper.py", line 339, in get_updates
    return _make_request(token, method_url, params=payload)
  File "/data/data/com.termux/files/usr/lib/python3.13/site-packages/telebot/apihelper.py", line 168, in _make_request
    json_result = _check_result(method_name, result)
  File "/data/data/com.termux/files/usr/lib/python3.13/site-packages/telebot/apihelper.py", line 197, in _check_result
    raise ApiTelegramException(method_name, result, result_json)
telebot.apihelper.ApiTelegramException: A request to the Telegram API was unsuccessful. Error code: 409. Description: Conflict: terminated by other getUpdates request; make sure that only one bot instance is running
"
2026-04-24 19:53:06,191 (__init__.py:1254 MainThread) ERROR - TeleBot: "Threaded polling exception: A request to the Telegram API was unsuccessful. Error code: 409. Description: Conflict: terminated by other getUpdates request; make sure that only one bot instance is running"
2026-04-24 19:53:06,210 (__init__.py:1256 MainThread) ERROR - TeleBot: "Exception traceback:
Traceback (most recent call last):
  File "/data/data/com.termux/files/usr/lib/python3.13/site-packages/telebot/__init__.py", line 1247, in __threaded_polling
    polling_thread.raise_exceptions()
    ~~~~~~~~~~~~~~~~~~~~~~~~~~~~~~~^^
  File "/data/data/com.termux/files/usr/lib/python3.13/site-packages/telebot/util.py", line 116, in raise_exceptions
    raise self.exception_info
  File "/data/data/com.termux/files/usr/lib/python3.13/site-packages/telebot/util.py", line 98, in run
    task(*args, **kwargs)
    ~~~~^^^^^^^^^^^^^^^^^
  File "/data/data/com.termux/files/usr/lib/python3.13/site-packages/telebot/__init__.py", line 689, in __retrieve_updates
    updates = self.get_updates(offset=(self.last_update_id + 1),
                               allowed_updates=allowed_updates,
                               timeout=timeout, long_polling_timeout=long_polling_timeout)
  File "/data/data/com.termux/files/usr/lib/python3.13/site-packages/telebot/__init__.py", line 661, in get_updates
    json_updates = apihelper.get_updates(
        self.token, offset=offset, limit=limit, timeout=timeout, allowed_updates=allowed_updates,
        long_polling_timeout=long_polling_timeout)
  File "/data/data/com.termux/files/usr/lib/python3.13/site-packages/telebot/apihelper.py", line 339, in get_updates
    return _make_request(token, method_url, params=payload)
  File "/data/data/com.termux/files/usr/lib/python3.13/site-packages/telebot/apihelper.py", line 168, in _make_request
    json_result = _check_result(method_name, result)
  File "/data/data/com.termux/files/usr/lib/python3.13/site-packages/telebot/apihelper.py", line 197, in _check_result
    raise ApiTelegramException(method_name, result, result_json)
telebot.apihelper.ApiTelegramException: A request to the Telegram API was unsuccessful. Error code: 409. Description: Conflict: terminated by other getUpdates request; make sure that only one bot instance is running
"
2026-04-24 19:54:09,724 (__init__.py:1254 MainThread) ERROR - TeleBot: "Threaded polling exception: A request to the Telegram API was unsuccessful. Error code: 409. Description: Conflict: terminated by other getUpdates request; make sure that only one bot instance is running"
2026-04-24 19:54:09,751 (__init__.py:1256 MainThread) ERROR - TeleBot: "Exception traceback:
Traceback (most recent call last):
  File "/data/data/com.termux/files/usr/lib/python3.13/site-packages/telebot/__init__.py", line 1247, in __threaded_polling
    polling_thread.raise_exceptions()
    ~~~~~~~~~~~~~~~~~~~~~~~~~~~~~~~^^
  File "/data/data/com.termux/files/usr/lib/python3.13/site-packages/telebot/util.py", line 116, in raise_exceptions
    raise self.exception_info
  File "/data/data/com.termux/files/usr/lib/python3.13/site-packages/telebot/util.py", line 98, in run
    task(*args, **kwargs)
    ~~~~^^^^^^^^^^^^^^^^^
  File "/data/data/com.termux/files/usr/lib/python3.13/site-packages/telebot/__init__.py", line 689, in __retrieve_updates
    updates = self.get_updates(offset=(self.last_update_id + 1),
                               allowed_updates=allowed_updates,
                               timeout=timeout, long_polling_timeout=long_polling_timeout)
  File "/data/data/com.termux/files/usr/lib/python3.13/site-packages/telebot/__init__.py", line 661, in get_updates
    json_updates = apihelper.get_updates(
        self.token, offset=offset, limit=limit, timeout=timeout, allowed_updates=allowed_updates,
        long_polling_timeout=long_polling_timeout)
  File "/data/data/com.termux/files/usr/lib/python3.13/site-packages/telebot/apihelper.py", line 339, in get_updates
    return _make_request(token, method_url, params=payload)
  File "/data/data/com.termux/files/usr/lib/python3.13/site-packages/telebot/apihelper.py", line 168, in _make_request
    json_result = _check_result(method_name, result)
  File "/data/data/com.termux/files/usr/lib/python3.13/site-packages/telebot/apihelper.py", line 197, in _check_result
    raise ApiTelegramException(method_name, result, result_json)
telebot.apihelper.ApiTelegramException: A request to the Telegram API was unsuccessful. Error code: 409. Description: Conflict: terminated by other getUpdates request; make sure that only one bot instance is running
"
2026-04-24 19:55:50,838 (__init__.py:1254 MainThread) ERROR - TeleBot: "Threaded polling exception: A request to the Telegram API was unsuccessful. Error code: 409. Description: Conflict: terminated by other getUpdates request; make sure that only one bot instance is running"
2026-04-24 19:55:50,849 (__init__.py:1256 MainThread) ERROR - TeleBot: "Exception traceback:
Traceback (most recent call last):
  File "/data/data/com.termux/files/usr/lib/python3.13/site-packages/telebot/__init__.py", line 1247, in __threaded_polling
    polling_thread.raise_exceptions()
    ~~~~~~~~~~~~~~~~~~~~~~~~~~~~~~~^^
  File "/data/data/com.termux/files/usr/lib/python3.13/site-packages/telebot/util.py", line 116, in raise_exceptions
    raise self.exception_info
  File "/data/data/com.termux/files/usr/lib/python3.13/site-packages/telebot/util.py", line 98, in run
    task(*args, **kwargs)
    ~~~~^^^^^^^^^^^^^^^^^
  File "/data/data/com.termux/files/usr/lib/python3.13/site-packages/telebot/__init__.py", line 689, in __retrieve_updates
    updates = self.get_updates(offset=(self.last_update_id + 1),
                               allowed_updates=allowed_updates,
                               timeout=timeout, long_polling_timeout=long_polling_timeout)
  File "/data/data/com.termux/files/usr/lib/python3.13/site-packages/telebot/__init__.py", line 661, in get_updates
    json_updates = apihelper.get_updates(
        self.token, offset=offset, limit=limit, timeout=timeout, allowed_updates=allowed_updates,
        long_polling_timeout=long_polling_timeout)
  File "/data/data/com.termux/files/usr/lib/python3.13/site-packages/telebot/apihelper.py", line 339, in get_updates
    return _make_request(token, method_url, params=payload)
  File "/data/data/com.termux/files/usr/lib/python3.13/site-packages/telebot/apihelper.py", line 168, in _make_request
    json_result = _check_result(method_name, result)
  File "/data/data/com.termux/files/usr/lib/python3.13/site-packages/telebot/apihelper.py", line 197, in _check_result
    raise ApiTelegramException(method_name, result, result_json)
telebot.apihelper.ApiTelegramException: A request to the Telegram API was unsuccessful. Error code: 409. Description: Conflict: terminated by other getUpdates request; make sure that only one bot instance is running
"
2026-04-24 19:55:54,619 (__init__.py:1254 MainThread) ERROR - TeleBot: "Threaded polling exception: A request to the Telegram API was unsuccessful. Error code: 409. Description: Conflict: terminated by other getUpdates request; make sure that only one bot instance is running"
2026-04-24 19:55:54,622 (__init__.py:1256 MainThread) ERROR - TeleBot: "Exception traceback:
Traceback (most recent call last):
  File "/data/data/com.termux/files/usr/lib/python3.13/site-packages/telebot/__init__.py", line 1247, in __threaded_polling
    polling_thread.raise_exceptions()
    ~~~~~~~~~~~~~~~~~~~~~~~~~~~~~~~^^
  File "/data/data/com.termux/files/usr/lib/python3.13/site-packages/telebot/util.py", line 116, in raise_exceptions
    raise self.exception_info
  File "/data/data/com.termux/files/usr/lib/python3.13/site-packages/telebot/util.py", line 98, in run
    task(*args, **kwargs)
    ~~~~^^^^^^^^^^^^^^^^^
  File "/data/data/com.termux/files/usr/lib/python3.13/site-packages/telebot/__init__.py", line 689, in __retrieve_updates
    updates = self.get_updates(offset=(self.last_update_id + 1),
                               allowed_updates=allowed_updates,
                               timeout=timeout, long_polling_timeout=long_polling_timeout)
  File "/data/data/com.termux/files/usr/lib/python3.13/site-packages/telebot/__init__.py", line 661, in get_updates
    json_updates = apihelper.get_updates(
        self.token, offset=offset, limit=limit, timeout=timeout, allowed_updates=allowed_updates,
        long_polling_timeout=long_polling_timeout)
  File "/data/data/com.termux/files/usr/lib/python3.13/site-packages/telebot/apihelper.py", line 339, in get_updates
    return _make_request(token, method_url, params=payload)
  File "/data/data/com.termux/files/usr/lib/python3.13/site-packages/telebot/apihelper.py", line 168, in _make_request
    json_result = _check_result(method_name, result)
  File "/data/data/com.termux/files/usr/lib/python3.13/site-packages/telebot/apihelper.py", line 197, in _check_result
    raise ApiTelegramException(method_name, result, result_json)
telebot.apihelper.ApiTelegramException: A request to the Telegram API was unsuccessful. Error code: 409. Description: Conflict: terminated by other getUpdates request; make sure that only one bot instance is running
"
2026-04-24 19:55:58,911 (__init__.py:1254 MainThread) ERROR - TeleBot: "Threaded polling exception: A request to the Telegram API was unsuccessful. Error code: 409. Description: Conflict: terminated by other getUpdates request; make sure that only one bot instance is running"
2026-04-24 19:55:58,915 (__init__.py:1256 MainThread) ERROR - TeleBot: "Exception traceback:
Traceback (most recent call last):
  File "/data/data/com.termux/files/usr/lib/python3.13/site-packages/telebot/__init__.py", line 1247, in __threaded_polling
    polling_thread.raise_exceptions()
    ~~~~~~~~~~~~~~~~~~~~~~~~~~~~~~~^^
  File "/data/data/com.termux/files/usr/lib/python3.13/site-packages/telebot/util.py", line 116, in raise_exceptions
    raise self.exception_info
  File "/data/data/com.termux/files/usr/lib/python3.13/site-packages/telebot/util.py", line 98, in run
    task(*args, **kwargs)
    ~~~~^^^^^^^^^^^^^^^^^
  File "/data/data/com.termux/files/usr/lib/python3.13/site-packages/telebot/__init__.py", line 689, in __retrieve_updates
    updates = self.get_updates(offset=(self.last_update_id + 1),
                               allowed_updates=allowed_updates,
                               timeout=timeout, long_polling_timeout=long_polling_timeout)
  File "/data/data/com.termux/files/usr/lib/python3.13/site-packages/telebot/__init__.py", line 661, in get_updates
    json_updates = apihelper.get_updates(
        self.token, offset=offset, limit=limit, timeout=timeout, allowed_updates=allowed_updates,
        long_polling_timeout=long_polling_timeout)
  File "/data/data/com.termux/files/usr/lib/python3.13/site-packages/telebot/apihelper.py", line 339, in get_updates
    return _make_request(token, method_url, params=payload)
  File "/data/data/com.termux/files/usr/lib/python3.13/site-packages/telebot/apihelper.py", line 168, in _make_request
    json_result = _check_result(method_name, result)
  File "/data/data/com.termux/files/usr/lib/python3.13/site-packages/telebot/apihelper.py", line 197, in _check_result
    raise ApiTelegramException(method_name, result, result_json)
telebot.apihelper.ApiTelegramException: A request to the Telegram API was unsuccessful. Error code: 409. Description: Conflict: terminated by other getUpdates request; make sure that only one bot instance is running
"
2026-04-24 19:56:04,298 (__init__.py:1254 MainThread) ERROR - TeleBot: "Threaded polling exception: A request to the Telegram API was unsuccessful. Error code: 409. Description: Conflict: terminated by other getUpdates request; make sure that only one bot instance is running"
2026-04-24 19:56:04,312 (__init__.py:1256 MainThread) ERROR - TeleBot: "Exception traceback:
Traceback (most recent call last):
  File "/data/data/com.termux/files/usr/lib/python3.13/site-packages/telebot/__init__.py", line 1247, in __threaded_polling
    polling_thread.raise_exceptions()
    ~~~~~~~~~~~~~~~~~~~~~~~~~~~~~~~^^
  File "/data/data/com.termux/files/usr/lib/python3.13/site-packages/telebot/util.py", line 116, in raise_exceptions
    raise self.exception_info
  File "/data/data/com.termux/files/usr/lib/python3.13/site-packages/telebot/util.py", line 98, in run
    task(*args, **kwargs)
    ~~~~^^^^^^^^^^^^^^^^^
  File "/data/data/com.termux/files/usr/lib/python3.13/site-packages/telebot/__init__.py", line 689, in __retrieve_updates
    updates = self.get_updates(offset=(self.last_update_id + 1),
                               allowed_updates=allowed_updates,
                               timeout=timeout, long_polling_timeout=long_polling_timeout)
  File "/data/data/com.termux/files/usr/lib/python3.13/site-packages/telebot/__init__.py", line 661, in get_updates
    json_updates = apihelper.get_updates(
        self.token, offset=offset, limit=limit, timeout=timeout, allowed_updates=allowed_updates,
        long_polling_timeout=long_polling_timeout)
  File "/data/data/com.termux/files/usr/lib/python3.13/site-packages/telebot/apihelper.py", line 339, in get_updates
    return _make_request(token, method_url, params=payload)
  File "/data/data/com.termux/files/usr/lib/python3.13/site-packages/telebot/apihelper.py", line 168, in _make_request
    json_result = _check_result(method_name, result)
  File "/data/data/com.termux/files/usr/lib/python3.13/site-packages/telebot/apihelper.py", line 197, in _check_result
    raise ApiTelegramException(method_name, result, result_json)
telebot.apihelper.ApiTelegramException: A request to the Telegram API was unsuccessful. Error code: 409. Description: Conflict: terminated by other getUpdates request; make sure that only one bot instance is running
"
2026-04-24 19:56:09,367 (__init__.py:1254 MainThread) ERROR - TeleBot: "Threaded polling exception: A request to the Telegram API was unsuccessful. Error code: 400. Description: Bad Request: there is no text in the message to edit"
2026-04-24 19:56:09,379 (__init__.py:1256 MainThread) ERROR - TeleBot: "Exception traceback:
Traceback (most recent call last):
  File "/data/data/com.termux/files/usr/lib/python3.13/site-packages/telebot/__init__.py", line 1248, in __threaded_polling
    self.worker_pool.raise_exceptions()
    ~~~~~~~~~~~~~~~~~~~~~~~~~~~~~~~~~^^
  File "/data/data/com.termux/files/usr/lib/python3.13/site-packages/telebot/util.py", line 155, in raise_exceptions
    raise self.exception_info
  File "/data/data/com.termux/files/usr/lib/python3.13/site-packages/telebot/util.py", line 98, in run
    task(*args, **kwargs)
    ~~~~^^^^^^^^^^^^^^^^^
  File "/data/data/com.termux/files/usr/lib/python3.13/site-packages/telebot/__init__.py", line 10609, in _run_middlewares_and_handler
    result = handler['function'](message)
  File "/data/data/com.termux/files/home/telegram_bot/telegram_bot/bot.py", line 546, in callback_handler
    bot.edit_message_text(tr(user_id, "generate_prompt"), chat_id=call.message.chat.id, message_id=call.message.message_id, reply_markup=back_button(user_id))
    ~~~~~~~~~~~~~~~~~~~~~^^^^^^^^^^^^^^^^^^^^^^^^^^^^^^^^^^^^^^^^^^^^^^^^^^^^^^^^^^^^^^^^^^^^^^^^^^^^^^^^^^^^^^^^^^^^^^^^^^^^^^^^^^^^^^^^^^^^^^^^^^^^^^^^^^^^^
  File "/data/data/com.termux/files/usr/lib/python3.13/site-packages/telebot/__init__.py", line 5513, in edit_message_text
    result = apihelper.edit_message_text(
        self.token, text, chat_id=chat_id, message_id=message_id, inline_message_id=inline_message_id,
        parse_mode=parse_mode, entities=entities, reply_markup=reply_markup, link_preview_options=link_preview_options,
        business_connection_id=business_connection_id, timeout=timeout)
  File "/data/data/com.termux/files/usr/lib/python3.13/site-packages/telebot/apihelper.py", line 1688, in edit_message_text
    return _make_request(token, method_url, params=payload, method='post')
  File "/data/data/com.termux/files/usr/lib/python3.13/site-packages/telebot/apihelper.py", line 168, in _make_request
    json_result = _check_result(method_name, result)
  File "/data/data/com.termux/files/usr/lib/python3.13/site-packages/telebot/apihelper.py", line 197, in _check_result
    raise ApiTelegramException(method_name, result, result_json)
telebot.apihelper.ApiTelegramException: A request to the Telegram API was unsuccessful. Error code: 400. Description: Bad Request: there is no text in the message to edit
"
2026-04-24 19:56:13,541 (__init__.py:1254 MainThread) ERROR - TeleBot: "Threaded polling exception: A request to the Telegram API was unsuccessful. Error code: 409. Description: Conflict: terminated by other getUpdates request; make sure that only one bot instance is running"
2026-04-24 19:56:13,549 (__init__.py:1256 MainThread) ERROR - TeleBot: "Exception traceback:
Traceback (most recent call last):
  File "/data/data/com.termux/files/usr/lib/python3.13/site-packages/telebot/__init__.py", line 1247, in __threaded_polling
    polling_thread.raise_exceptions()
    ~~~~~~~~~~~~~~~~~~~~~~~~~~~~~~~^^
  File "/data/data/com.termux/files/usr/lib/python3.13/site-packages/telebot/util.py", line 116, in raise_exceptions
    raise self.exception_info
  File "/data/data/com.termux/files/usr/lib/python3.13/site-packages/telebot/util.py", line 98, in run
    task(*args, **kwargs)
    ~~~~^^^^^^^^^^^^^^^^^
  File "/data/data/com.termux/files/usr/lib/python3.13/site-packages/telebot/__init__.py", line 689, in __retrieve_updates
    updates = self.get_updates(offset=(self.last_update_id + 1),
                               allowed_updates=allowed_updates,
                               timeout=timeout, long_polling_timeout=long_polling_timeout)
  File "/data/data/com.termux/files/usr/lib/python3.13/site-packages/telebot/__init__.py", line 661, in get_updates
    json_updates = apihelper.get_updates(
        self.token, offset=offset, limit=limit, timeout=timeout, allowed_updates=allowed_updates,
        long_polling_timeout=long_polling_timeout)
  File "/data/data/com.termux/files/usr/lib/python3.13/site-packages/telebot/apihelper.py", line 339, in get_updates
    return _make_request(token, method_url, params=payload)
  File "/data/data/com.termux/files/usr/lib/python3.13/site-packages/telebot/apihelper.py", line 168, in _make_request
    json_result = _check_result(method_name, result)
  File "/data/data/com.termux/files/usr/lib/python3.13/site-packages/telebot/apihelper.py", line 197, in _check_result
    raise ApiTelegramException(method_name, result, result_json)
telebot.apihelper.ApiTelegramException: A request to the Telegram API was unsuccessful. Error code: 409. Description: Conflict: terminated by other getUpdates request; make sure that only one bot instance is running
"
2026-04-24 19:56:18,282 (__init__.py:1254 MainThread) ERROR - TeleBot: "Threaded polling exception: A request to the Telegram API was unsuccessful. Error code: 409. Description: Conflict: terminated by other getUpdates request; make sure that only one bot instance is running"
2026-04-24 19:56:18,295 (__init__.py:1256 MainThread) ERROR - TeleBot: "Exception traceback:
Traceback (most recent call last):
  File "/data/data/com.termux/files/usr/lib/python3.13/site-packages/telebot/__init__.py", line 1247, in __threaded_polling
    polling_thread.raise_exceptions()
    ~~~~~~~~~~~~~~~~~~~~~~~~~~~~~~~^^
  File "/data/data/com.termux/files/usr/lib/python3.13/site-packages/telebot/util.py", line 116, in raise_exceptions
    raise self.exception_info
  File "/data/data/com.termux/files/usr/lib/python3.13/site-packages/telebot/util.py", line 98, in run
    task(*args, **kwargs)
    ~~~~^^^^^^^^^^^^^^^^^
  File "/data/data/com.termux/files/usr/lib/python3.13/site-packages/telebot/__init__.py", line 689, in __retrieve_updates
    updates = self.get_updates(offset=(self.last_update_id + 1),
                               allowed_updates=allowed_updates,
                               timeout=timeout, long_polling_timeout=long_polling_timeout)
  File "/data/data/com.termux/files/usr/lib/python3.13/site-packages/telebot/__init__.py", line 661, in get_updates
    json_updates = apihelper.get_updates(
        self.token, offset=offset, limit=limit, timeout=timeout, allowed_updates=allowed_updates,
        long_polling_timeout=long_polling_timeout)
  File "/data/data/com.termux/files/usr/lib/python3.13/site-packages/telebot/apihelper.py", line 339, in get_updates
    return _make_request(token, method_url, params=payload)
  File "/data/data/com.termux/files/usr/lib/python3.13/site-packages/telebot/apihelper.py", line 168, in _make_request
    json_result = _check_result(method_name, result)
  File "/data/data/com.termux/files/usr/lib/python3.13/site-packages/telebot/apihelper.py", line 197, in _check_result
    raise ApiTelegramException(method_name, result, result_json)
telebot.apihelper.ApiTelegramException: A request to the Telegram API was unsuccessful. Error code: 409. Description: Conflict: terminated by other getUpdates request; make sure that only one bot instance is running
"
2026-04-24 19:56:23,817 (__init__.py:1254 MainThread) ERROR - TeleBot: "Threaded polling exception: A request to the Telegram API was unsuccessful. Error code: 409. Description: Conflict: terminated by other getUpdates request; make sure that only one bot instance is running"
2026-04-24 19:56:23,826 (__init__.py:1256 MainThread) ERROR - TeleBot: "Exception traceback:
Traceback (most recent call last):
  File "/data/data/com.termux/files/usr/lib/python3.13/site-packages/telebot/__init__.py", line 1247, in __threaded_polling
    polling_thread.raise_exceptions()
    ~~~~~~~~~~~~~~~~~~~~~~~~~~~~~~~^^
  File "/data/data/com.termux/files/usr/lib/python3.13/site-packages/telebot/util.py", line 116, in raise_exceptions
    raise self.exception_info
  File "/data/data/com.termux/files/usr/lib/python3.13/site-packages/telebot/util.py", line 98, in run
    task(*args, **kwargs)
    ~~~~^^^^^^^^^^^^^^^^^
  File "/data/data/com.termux/files/usr/lib/python3.13/site-packages/telebot/__init__.py", line 689, in __retrieve_updates
    updates = self.get_updates(offset=(self.last_update_id + 1),
                               allowed_updates=allowed_updates,
                               timeout=timeout, long_polling_timeout=long_polling_timeout)
  File "/data/data/com.termux/files/usr/lib/python3.13/site-packages/telebot/__init__.py", line 661, in get_updates
    json_updates = apihelper.get_updates(
        self.token, offset=offset, limit=limit, timeout=timeout, allowed_updates=allowed_updates,
        long_polling_timeout=long_polling_timeout)
  File "/data/data/com.termux/files/usr/lib/python3.13/site-packages/telebot/apihelper.py", line 339, in get_updates
    return _make_request(token, method_url, params=payload)
  File "/data/data/com.termux/files/usr/lib/python3.13/site-packages/telebot/apihelper.py", line 168, in _make_request
    json_result = _check_result(method_name, result)
  File "/data/data/com.termux/files/usr/lib/python3.13/site-packages/telebot/apihelper.py", line 197, in _check_result
    raise ApiTelegramException(method_name, result, result_json)
telebot.apihelper.ApiTelegramException: A request to the Telegram API was unsuccessful. Error code: 409. Description: Conflict: terminated by other getUpdates request; make sure that only one bot instance is running
"
2026-04-24 19:56:31,599 (__init__.py:1254 MainThread) ERROR - TeleBot: "Threaded polling exception: A request to the Telegram API was unsuccessful. Error code: 409. Description: Conflict: terminated by other getUpdates request; make sure that only one bot instance is running"
2026-04-24 19:56:31,603 (__init__.py:1256 MainThread) ERROR - TeleBot: "Exception traceback:
Traceback (most recent call last):
  File "/data/data/com.termux/files/usr/lib/python3.13/site-packages/telebot/__init__.py", line 1247, in __threaded_polling
    polling_thread.raise_exceptions()
    ~~~~~~~~~~~~~~~~~~~~~~~~~~~~~~~^^
  File "/data/data/com.termux/files/usr/lib/python3.13/site-packages/telebot/util.py", line 116, in raise_exceptions
    raise self.exception_info
  File "/data/data/com.termux/files/usr/lib/python3.13/site-packages/telebot/util.py", line 98, in run
    task(*args, **kwargs)
    ~~~~^^^^^^^^^^^^^^^^^
  File "/data/data/com.termux/files/usr/lib/python3.13/site-packages/telebot/__init__.py", line 689, in __retrieve_updates
    updates = self.get_updates(offset=(self.last_update_id + 1),
                               allowed_updates=allowed_updates,
                               timeout=timeout, long_polling_timeout=long_polling_timeout)
  File "/data/data/com.termux/files/usr/lib/python3.13/site-packages/telebot/__init__.py", line 661, in get_updates
    json_updates = apihelper.get_updates(
        self.token, offset=offset, limit=limit, timeout=timeout, allowed_updates=allowed_updates,
        long_polling_timeout=long_polling_timeout)
  File "/data/data/com.termux/files/usr/lib/python3.13/site-packages/telebot/apihelper.py", line 339, in get_updates
    return _make_request(token, method_url, params=payload)
  File "/data/data/com.termux/files/usr/lib/python3.13/site-packages/telebot/apihelper.py", line 168, in _make_request
    json_result = _check_result(method_name, result)
  File "/data/data/com.termux/files/usr/lib/python3.13/site-packages/telebot/apihelper.py", line 197, in _check_result
    raise ApiTelegramException(method_name, result, result_json)
telebot.apihelper.ApiTelegramException: A request to the Telegram API was unsuccessful. Error code: 409. Description: Conflict: terminated by other getUpdates request; make sure that only one bot instance is running
"
2026-04-24 19:56:43,869 (__init__.py:1254 MainThread) ERROR - TeleBot: "Threaded polling exception: A request to the Telegram API was unsuccessful. Error code: 409. Description: Conflict: terminated by other getUpdates request; make sure that only one bot instance is running"
2026-04-24 19:56:43,884 (__init__.py:1256 MainThread) ERROR - TeleBot: "Exception traceback:
Traceback (most recent call last):
  File "/data/data/com.termux/files/usr/lib/python3.13/site-packages/telebot/__init__.py", line 1247, in __threaded_polling
    polling_thread.raise_exceptions()
    ~~~~~~~~~~~~~~~~~~~~~~~~~~~~~~~^^
  File "/data/data/com.termux/files/usr/lib/python3.13/site-packages/telebot/util.py", line 116, in raise_exceptions
    raise self.exception_info
  File "/data/data/com.termux/files/usr/lib/python3.13/site-packages/telebot/util.py", line 98, in run
    task(*args, **kwargs)
    ~~~~^^^^^^^^^^^^^^^^^
  File "/data/data/com.termux/files/usr/lib/python3.13/site-packages/telebot/__init__.py", line 689, in __retrieve_updates
    updates = self.get_updates(offset=(self.last_update_id + 1),
                               allowed_updates=allowed_updates,
                               timeout=timeout, long_polling_timeout=long_polling_timeout)
  File "/data/data/com.termux/files/usr/lib/python3.13/site-packages/telebot/__init__.py", line 661, in get_updates
    json_updates = apihelper.get_updates(
        self.token, offset=offset, limit=limit, timeout=timeout, allowed_updates=allowed_updates,
        long_polling_timeout=long_polling_timeout)
  File "/data/data/com.termux/files/usr/lib/python3.13/site-packages/telebot/apihelper.py", line 339, in get_updates
    return _make_request(token, method_url, params=payload)
  File "/data/data/com.termux/files/usr/lib/python3.13/site-packages/telebot/apihelper.py", line 168, in _make_request
    json_result = _check_result(method_name, result)
  File "/data/data/com.termux/files/usr/lib/python3.13/site-packages/telebot/apihelper.py", line 197, in _check_result
    raise ApiTelegramException(method_name, result, result_json)
telebot.apihelper.ApiTelegramException: A request to the Telegram API was unsuccessful. Error code: 409. Description: Conflict: terminated by other getUpdates request; make sure that only one bot instance is running
"
2026-04-24 19:57:05,460 (__init__.py:1254 MainThread) ERROR - TeleBot: "Threaded polling exception: A request to the Telegram API was unsuccessful. Error code: 409. Description: Conflict: terminated by other getUpdates request; make sure that only one bot instance is running"
2026-04-24 19:57:05,473 (__init__.py:1256 MainThread) ERROR - TeleBot: "Exception traceback:
Traceback (most recent call last):
  File "/data/data/com.termux/files/usr/lib/python3.13/site-packages/telebot/__init__.py", line 1247, in __threaded_polling
    polling_thread.raise_exceptions()
    ~~~~~~~~~~~~~~~~~~~~~~~~~~~~~~~^^
  File "/data/data/com.termux/files/usr/lib/python3.13/site-packages/telebot/util.py", line 116, in raise_exceptions
    raise self.exception_info
  File "/data/data/com.termux/files/usr/lib/python3.13/site-packages/telebot/util.py", line 98, in run
    task(*args, **kwargs)
    ~~~~^^^^^^^^^^^^^^^^^
  File "/data/data/com.termux/files/usr/lib/python3.13/site-packages/telebot/__init__.py", line 689, in __retrieve_updates
    updates = self.get_updates(offset=(self.last_update_id + 1),
                               allowed_updates=allowed_updates,
                               timeout=timeout, long_polling_timeout=long_polling_timeout)
  File "/data/data/com.termux/files/usr/lib/python3.13/site-packages/telebot/__init__.py", line 661, in get_updates
    json_updates = apihelper.get_updates(
        self.token, offset=offset, limit=limit, timeout=timeout, allowed_updates=allowed_updates,
        long_polling_timeout=long_polling_timeout)
  File "/data/data/com.termux/files/usr/lib/python3.13/site-packages/telebot/apihelper.py", line 339, in get_updates
    return _make_request(token, method_url, params=payload)
  File "/data/data/com.termux/files/usr/lib/python3.13/site-packages/telebot/apihelper.py", line 168, in _make_request
    json_result = _check_result(method_name, result)
  File "/data/data/com.termux/files/usr/lib/python3.13/site-packages/telebot/apihelper.py", line 197, in _check_result
    raise ApiTelegramException(method_name, result, result_json)
telebot.apihelper.ApiTelegramException: A request to the Telegram API was unsuccessful. Error code: 409. Description: Conflict: terminated by other getUpdates request; make sure that only one bot instance is running
"
2026-04-24 19:57:41,747 (__init__.py:1254 MainThread) ERROR - TeleBot: "Threaded polling exception: A request to the Telegram API was unsuccessful. Error code: 409. Description: Conflict: terminated by other getUpdates request; make sure that only one bot instance is running"
2026-04-24 19:57:41,754 (__init__.py:1256 MainThread) ERROR - TeleBot: "Exception traceback:
Traceback (most recent call last):
  File "/data/data/com.termux/files/usr/lib/python3.13/site-packages/telebot/__init__.py", line 1247, in __threaded_polling
    polling_thread.raise_exceptions()
    ~~~~~~~~~~~~~~~~~~~~~~~~~~~~~~~^^
  File "/data/data/com.termux/files/usr/lib/python3.13/site-packages/telebot/util.py", line 116, in raise_exceptions
    raise self.exception_info
  File "/data/data/com.termux/files/usr/lib/python3.13/site-packages/telebot/util.py", line 98, in run
    task(*args, **kwargs)
    ~~~~^^^^^^^^^^^^^^^^^
  File "/data/data/com.termux/files/usr/lib/python3.13/site-packages/telebot/__init__.py", line 689, in __retrieve_updates
    updates = self.get_updates(offset=(self.last_update_id + 1),
                               allowed_updates=allowed_updates,
                               timeout=timeout, long_polling_timeout=long_polling_timeout)
  File "/data/data/com.termux/files/usr/lib/python3.13/site-packages/telebot/__init__.py", line 661, in get_updates
    json_updates = apihelper.get_updates(
        self.token, offset=offset, limit=limit, timeout=timeout, allowed_updates=allowed_updates,
        long_polling_timeout=long_polling_timeout)
  File "/data/data/com.termux/files/usr/lib/python3.13/site-packages/telebot/apihelper.py", line 339, in get_updates
    return _make_request(token, method_url, params=payload)
  File "/data/data/com.termux/files/usr/lib/python3.13/site-packages/telebot/apihelper.py", line 168, in _make_request
    json_result = _check_result(method_name, result)
  File "/data/data/com.termux/files/usr/lib/python3.13/site-packages/telebot/apihelper.py", line 197, in _check_result
    raise ApiTelegramException(method_name, result, result_json)
telebot.apihelper.ApiTelegramException: A request to the Telegram API was unsuccessful. Error code: 409. Description: Conflict: terminated by other getUpdates request; make sure that only one bot instance is running
"
2026-04-24 19:58:50,001 (__init__.py:1254 MainThread) ERROR - TeleBot: "Threaded polling exception: A request to the Telegram API was unsuccessful. Error code: 409. Description: Conflict: terminated by other getUpdates request; make sure that only one bot instance is running"
2026-04-24 19:58:50,017 (__init__.py:1256 MainThread) ERROR - TeleBot: "Exception traceback:
Traceback (most recent call last):
  File "/data/data/com.termux/files/usr/lib/python3.13/site-packages/telebot/__init__.py", line 1247, in __threaded_polling
    polling_thread.raise_exceptions()
    ~~~~~~~~~~~~~~~~~~~~~~~~~~~~~~~^^
  File "/data/data/com.termux/files/usr/lib/python3.13/site-packages/telebot/util.py", line 116, in raise_exceptions
    raise self.exception_info
  File "/data/data/com.termux/files/usr/lib/python3.13/site-packages/telebot/util.py", line 98, in run
    task(*args, **kwargs)
    ~~~~^^^^^^^^^^^^^^^^^
  File "/data/data/com.termux/files/usr/lib/python3.13/site-packages/telebot/__init__.py", line 689, in __retrieve_updates
    updates = self.get_updates(offset=(self.last_update_id + 1),
                               allowed_updates=allowed_updates,
                               timeout=timeout, long_polling_timeout=long_polling_timeout)
  File "/data/data/com.termux/files/usr/lib/python3.13/site-packages/telebot/__init__.py", line 661, in get_updates
    json_updates = apihelper.get_updates(
        self.token, offset=offset, limit=limit, timeout=timeout, allowed_updates=allowed_updates,
        long_polling_timeout=long_polling_timeout)
  File "/data/data/com.termux/files/usr/lib/python3.13/site-packages/telebot/apihelper.py", line 339, in get_updates
    return _make_request(token, method_url, params=payload)
  File "/data/data/com.termux/files/usr/lib/python3.13/site-packages/telebot/apihelper.py", line 168, in _make_request
    json_result = _check_result(method_name, result)
  File "/data/data/com.termux/files/usr/lib/python3.13/site-packages/telebot/apihelper.py", line 197, in _check_result
    raise ApiTelegramException(method_name, result, result_json)
telebot.apihelper.ApiTelegramException: A request to the Telegram API was unsuccessful. Error code: 409. Description: Conflict: terminated by other getUpdates request; make sure that only one bot instance is running
"
2026-04-24 19:59:53,544 (__init__.py:1254 MainThread) ERROR - TeleBot: "Threaded polling exception: A request to the Telegram API was unsuccessful. Error code: 409. Description: Conflict: terminated by other getUpdates request; make sure that only one bot instance is running"
2026-04-24 19:59:53,560 (__init__.py:1256 MainThread) ERROR - TeleBot: "Exception traceback:
Traceback (most recent call last):
  File "/data/data/com.termux/files/usr/lib/python3.13/site-packages/telebot/__init__.py", line 1247, in __threaded_polling
    polling_thread.raise_exceptions()
    ~~~~~~~~~~~~~~~~~~~~~~~~~~~~~~~^^
  File "/data/data/com.termux/files/usr/lib/python3.13/site-packages/telebot/util.py", line 116, in raise_exceptions
    raise self.exception_info
  File "/data/data/com.termux/files/usr/lib/python3.13/site-packages/telebot/util.py", line 98, in run
    task(*args, **kwargs)
    ~~~~^^^^^^^^^^^^^^^^^
  File "/data/data/com.termux/files/usr/lib/python3.13/site-packages/telebot/__init__.py", line 689, in __retrieve_updates
    updates = self.get_updates(offset=(self.last_update_id + 1),
                               allowed_updates=allowed_updates,
                               timeout=timeout, long_polling_timeout=long_polling_timeout)
  File "/data/data/com.termux/files/usr/lib/python3.13/site-packages/telebot/__init__.py", line 661, in get_updates
    json_updates = apihelper.get_updates(
        self.token, offset=offset, limit=limit, timeout=timeout, allowed_updates=allowed_updates,
        long_polling_timeout=long_polling_timeout)
  File "/data/data/com.termux/files/usr/lib/python3.13/site-packages/telebot/apihelper.py", line 339, in get_updates
    return _make_request(token, method_url, params=payload)
  File "/data/data/com.termux/files/usr/lib/python3.13/site-packages/telebot/apihelper.py", line 168, in _make_request
    json_result = _check_result(method_name, result)
  File "/data/data/com.termux/files/usr/lib/python3.13/site-packages/telebot/apihelper.py", line 197, in _check_result
    raise ApiTelegramException(method_name, result, result_json)
telebot.apihelper.ApiTelegramException: A request to the Telegram API was unsuccessful. Error code: 409. Description: Conflict: terminated by other getUpdates request; make sure that only one bot instance is running
"
2026-04-24 20:00:57,119 (__init__.py:1254 MainThread) ERROR - TeleBot: "Threaded polling exception: A request to the Telegram API was unsuccessful. Error code: 409. Description: Conflict: terminated by other getUpdates request; make sure that only one bot instance is running"
2026-04-24 20:00:57,129 (__init__.py:1256 MainThread) ERROR - TeleBot: "Exception traceback:
Traceback (most recent call last):
  File "/data/data/com.termux/files/usr/lib/python3.13/site-packages/telebot/__init__.py", line 1247, in __threaded_polling
    polling_thread.raise_exceptions()
    ~~~~~~~~~~~~~~~~~~~~~~~~~~~~~~~^^
  File "/data/data/com.termux/files/usr/lib/python3.13/site-packages/telebot/util.py", line 116, in raise_exceptions
    raise self.exception_info
  File "/data/data/com.termux/files/usr/lib/python3.13/site-packages/telebot/util.py", line 98, in run
    task(*args, **kwargs)
    ~~~~^^^^^^^^^^^^^^^^^
  File "/data/data/com.termux/files/usr/lib/python3.13/site-packages/telebot/__init__.py", line 689, in __retrieve_updates
    updates = self.get_updates(offset=(self.last_update_id + 1),
                               allowed_updates=allowed_updates,
                               timeout=timeout, long_polling_timeout=long_polling_timeout)
  File "/data/data/com.termux/files/usr/lib/python3.13/site-packages/telebot/__init__.py", line 661, in get_updates
    json_updates = apihelper.get_updates(
        self.token, offset=offset, limit=limit, timeout=timeout, allowed_updates=allowed_updates,
        long_polling_timeout=long_polling_timeout)
  File "/data/data/com.termux/files/usr/lib/python3.13/site-packages/telebot/apihelper.py", line 339, in get_updates
    return _make_request(token, method_url, params=payload)
  File "/data/data/com.termux/files/usr/lib/python3.13/site-packages/telebot/apihelper.py", line 168, in _make_request
    json_result = _check_result(method_name, result)
  File "/data/data/com.termux/files/usr/lib/python3.13/site-packages/telebot/apihelper.py", line 197, in _check_result
    raise ApiTelegramException(method_name, result, result_json)
telebot.apihelper.ApiTelegramException: A request to the Telegram API was unsuccessful. Error code: 409. Description: Conflict: terminated by other getUpdates request; make sure that only one bot instance is running
"
2026-04-24 20:02:00,636 (__init__.py:1254 MainThread) ERROR - TeleBot: "Threaded polling exception: A request to the Telegram API was unsuccessful. Error code: 409. Description: Conflict: terminated by other getUpdates request; make sure that only one bot instance is running"
2026-04-24 20:02:00,658 (__init__.py:1256 MainThread) ERROR - TeleBot: "Exception traceback:
Traceback (most recent call last):
  File "/data/data/com.termux/files/usr/lib/python3.13/site-packages/telebot/__init__.py", line 1247, in __threaded_polling
    polling_thread.raise_exceptions()
    ~~~~~~~~~~~~~~~~~~~~~~~~~~~~~~~^^
  File "/data/data/com.termux/files/usr/lib/python3.13/site-packages/telebot/util.py", line 116, in raise_exceptions
    raise self.exception_info
  File "/data/data/com.termux/files/usr/lib/python3.13/site-packages/telebot/util.py", line 98, in run
    task(*args, **kwargs)
    ~~~~^^^^^^^^^^^^^^^^^
  File "/data/data/com.termux/files/usr/lib/python3.13/site-packages/telebot/__init__.py", line 689, in __retrieve_updates
    updates = self.get_updates(offset=(self.last_update_id + 1),
                               allowed_updates=allowed_updates,
                               timeout=timeout, long_polling_timeout=long_polling_timeout)
  File "/data/data/com.termux/files/usr/lib/python3.13/site-packages/telebot/__init__.py", line 661, in get_updates
    json_updates = apihelper.get_updates(
        self.token, offset=offset, limit=limit, timeout=timeout, allowed_updates=allowed_updates,
        long_polling_timeout=long_polling_timeout)
  File "/data/data/com.termux/files/usr/lib/python3.13/site-packages/telebot/apihelper.py", line 339, in get_updates
    return _make_request(token, method_url, params=payload)
  File "/data/data/com.termux/files/usr/lib/python3.13/site-packages/telebot/apihelper.py", line 168, in _make_request
    json_result = _check_result(method_name, result)
  File "/data/data/com.termux/files/usr/lib/python3.13/site-packages/telebot/apihelper.py", line 197, in _check_result
    raise ApiTelegramException(method_name, result, result_json)
telebot.apihelper.ApiTelegramException: A request to the Telegram API was unsuccessful. Error code: 409. Description: Conflict: terminated by other getUpdates request; make sure that only one bot instance is running
"
2026-04-24 20:03:04,280 (__init__.py:1254 MainThread) ERROR - TeleBot: "Threaded polling exception: A request to the Telegram API was unsuccessful. Error code: 409. Description: Conflict: terminated by other getUpdates request; make sure that only one bot instance is running"
2026-04-24 20:03:04,293 (__init__.py:1256 MainThread) ERROR - TeleBot: "Exception traceback:
Traceback (most recent call last):
  File "/data/data/com.termux/files/usr/lib/python3.13/site-packages/telebot/__init__.py", line 1247, in __threaded_polling
    polling_thread.raise_exceptions()
    ~~~~~~~~~~~~~~~~~~~~~~~~~~~~~~~^^
  File "/data/data/com.termux/files/usr/lib/python3.13/site-packages/telebot/util.py", line 116, in raise_exceptions
    raise self.exception_info
  File "/data/data/com.termux/files/usr/lib/python3.13/site-packages/telebot/util.py", line 98, in run
    task(*args, **kwargs)
    ~~~~^^^^^^^^^^^^^^^^^
  File "/data/data/com.termux/files/usr/lib/python3.13/site-packages/telebot/__init__.py", line 689, in __retrieve_updates
    updates = self.get_updates(offset=(self.last_update_id + 1),
                               allowed_updates=allowed_updates,
                               timeout=timeout, long_polling_timeout=long_polling_timeout)
  File "/data/data/com.termux/files/usr/lib/python3.13/site-packages/telebot/__init__.py", line 661, in get_updates
    json_updates = apihelper.get_updates(
        self.token, offset=offset, limit=limit, timeout=timeout, allowed_updates=allowed_updates,
        long_polling_timeout=long_polling_timeout)
  File "/data/data/com.termux/files/usr/lib/python3.13/site-packages/telebot/apihelper.py", line 339, in get_updates
    return _make_request(token, method_url, params=payload)
  File "/data/data/com.termux/files/usr/lib/python3.13/site-packages/telebot/apihelper.py", line 168, in _make_request
    json_result = _check_result(method_name, result)
  File "/data/data/com.termux/files/usr/lib/python3.13/site-packages/telebot/apihelper.py", line 197, in _check_result
    raise ApiTelegramException(method_name, result, result_json)
telebot.apihelper.ApiTelegramException: A request to the Telegram API was unsuccessful. Error code: 409. Description: Conflict: terminated by other getUpdates request; make sure that only one bot instance is running
"
2026-04-24 20:04:20,360 (__init__.py:1254 MainThread) ERROR - TeleBot: "Threaded polling exception: A request to the Telegram API was unsuccessful. Error code: 409. Description: Conflict: terminated by other getUpdates request; make sure that only one bot instance is running"
2026-04-24 20:04:20,364 (__init__.py:1256 MainThread) ERROR - TeleBot: "Exception traceback:
Traceback (most recent call last):
  File "/data/data/com.termux/files/usr/lib/python3.13/site-packages/telebot/__init__.py", line 1247, in __threaded_polling
    polling_thread.raise_exceptions()
    ~~~~~~~~~~~~~~~~~~~~~~~~~~~~~~~^^
  File "/data/data/com.termux/files/usr/lib/python3.13/site-packages/telebot/util.py", line 116, in raise_exceptions
    raise self.exception_info
  File "/data/data/com.termux/files/usr/lib/python3.13/site-packages/telebot/util.py", line 98, in run
    task(*args, **kwargs)
    ~~~~^^^^^^^^^^^^^^^^^
  File "/data/data/com.termux/files/usr/lib/python3.13/site-packages/telebot/__init__.py", line 689, in __retrieve_updates
    updates = self.get_updates(offset=(self.last_update_id + 1),
                               allowed_updates=allowed_updates,
                               timeout=timeout, long_polling_timeout=long_polling_timeout)
  File "/data/data/com.termux/files/usr/lib/python3.13/site-packages/telebot/__init__.py", line 661, in get_updates
    json_updates = apihelper.get_updates(
        self.token, offset=offset, limit=limit, timeout=timeout, allowed_updates=allowed_updates,
        long_polling_timeout=long_polling_timeout)
  File "/data/data/com.termux/files/usr/lib/python3.13/site-packages/telebot/apihelper.py", line 339, in get_updates
    return _make_request(token, method_url, params=payload)
  File "/data/data/com.termux/files/usr/lib/python3.13/site-packages/telebot/apihelper.py", line 168, in _make_request
    json_result = _check_result(method_name, result)
  File "/data/data/com.termux/files/usr/lib/python3.13/site-packages/telebot/apihelper.py", line 197, in _check_result
    raise ApiTelegramException(method_name, result, result_json)
telebot.apihelper.ApiTelegramException: A request to the Telegram API was unsuccessful. Error code: 409. Description: Conflict: terminated by other getUpdates request; make sure that only one bot instance is running
"
2026-04-24 20:04:24,350 (__init__.py:1254 MainThread) ERROR - TeleBot: "Threaded polling exception: A request to the Telegram API was unsuccessful. Error code: 409. Description: Conflict: terminated by other getUpdates request; make sure that only one bot instance is running"
2026-04-24 20:04:24,356 (__init__.py:1256 MainThread) ERROR - TeleBot: "Exception traceback:
Traceback (most recent call last):
  File "/data/data/com.termux/files/usr/lib/python3.13/site-packages/telebot/__init__.py", line 1247, in __threaded_polling
    polling_thread.raise_exceptions()
    ~~~~~~~~~~~~~~~~~~~~~~~~~~~~~~~^^
  File "/data/data/com.termux/files/usr/lib/python3.13/site-packages/telebot/util.py", line 116, in raise_exceptions
    raise self.exception_info
  File "/data/data/com.termux/files/usr/lib/python3.13/site-packages/telebot/util.py", line 98, in run
    task(*args, **kwargs)
    ~~~~^^^^^^^^^^^^^^^^^
  File "/data/data/com.termux/files/usr/lib/python3.13/site-packages/telebot/__init__.py", line 689, in __retrieve_updates
    updates = self.get_updates(offset=(self.last_update_id + 1),
                               allowed_updates=allowed_updates,
                               timeout=timeout, long_polling_timeout=long_polling_timeout)
  File "/data/data/com.termux/files/usr/lib/python3.13/site-packages/telebot/__init__.py", line 661, in get_updates
    json_updates = apihelper.get_updates(
        self.token, offset=offset, limit=limit, timeout=timeout, allowed_updates=allowed_updates,
        long_polling_timeout=long_polling_timeout)
  File "/data/data/com.termux/files/usr/lib/python3.13/site-packages/telebot/apihelper.py", line 339, in get_updates
    return _make_request(token, method_url, params=payload)
  File "/data/data/com.termux/files/usr/lib/python3.13/site-packages/telebot/apihelper.py", line 168, in _make_request
    json_result = _check_result(method_name, result)
  File "/data/data/com.termux/files/usr/lib/python3.13/site-packages/telebot/apihelper.py", line 197, in _check_result
    raise ApiTelegramException(method_name, result, result_json)
telebot.apihelper.ApiTelegramException: A request to the Telegram API was unsuccessful. Error code: 409. Description: Conflict: terminated by other getUpdates request; make sure that only one bot instance is running
"
2026-04-24 20:04:28,673 (__init__.py:1254 MainThread) ERROR - TeleBot: "Threaded polling exception: A request to the Telegram API was unsuccessful. Error code: 409. Description: Conflict: terminated by other getUpdates request; make sure that only one bot instance is running"
2026-04-24 20:04:28,694 (__init__.py:1256 MainThread) ERROR - TeleBot: "Exception traceback:
Traceback (most recent call last):
  File "/data/data/com.termux/files/usr/lib/python3.13/site-packages/telebot/__init__.py", line 1247, in __threaded_polling
    polling_thread.raise_exceptions()
    ~~~~~~~~~~~~~~~~~~~~~~~~~~~~~~~^^
  File "/data/data/com.termux/files/usr/lib/python3.13/site-packages/telebot/util.py", line 116, in raise_exceptions
    raise self.exception_info
  File "/data/data/com.termux/files/usr/lib/python3.13/site-packages/telebot/util.py", line 98, in run
    task(*args, **kwargs)
    ~~~~^^^^^^^^^^^^^^^^^
  File "/data/data/com.termux/files/usr/lib/python3.13/site-packages/telebot/__init__.py", line 689, in __retrieve_updates
    updates = self.get_updates(offset=(self.last_update_id + 1),
                               allowed_updates=allowed_updates,
                               timeout=timeout, long_polling_timeout=long_polling_timeout)
  File "/data/data/com.termux/files/usr/lib/python3.13/site-packages/telebot/__init__.py", line 661, in get_updates
    json_updates = apihelper.get_updates(
        self.token, offset=offset, limit=limit, timeout=timeout, allowed_updates=allowed_updates,
        long_polling_timeout=long_polling_timeout)
  File "/data/data/com.termux/files/usr/lib/python3.13/site-packages/telebot/apihelper.py", line 339, in get_updates
    return _make_request(token, method_url, params=payload)
  File "/data/data/com.termux/files/usr/lib/python3.13/site-packages/telebot/apihelper.py", line 168, in _make_request
    json_result = _check_result(method_name, result)
  File "/data/data/com.termux/files/usr/lib/python3.13/site-packages/telebot/apihelper.py", line 197, in _check_result
    raise ApiTelegramException(method_name, result, result_json)
telebot.apihelper.ApiTelegramException: A request to the Telegram API was unsuccessful. Error code: 409. Description: Conflict: terminated by other getUpdates request; make sure that only one bot instance is running
"
2026-04-24 20:04:34,075 (__init__.py:1254 MainThread) ERROR - TeleBot: "Threaded polling exception: A request to the Telegram API was unsuccessful. Error code: 409. Description: Conflict: terminated by other getUpdates request; make sure that only one bot instance is running"
2026-04-24 20:04:34,088 (__init__.py:1256 MainThread) ERROR - TeleBot: "Exception traceback:
Traceback (most recent call last):
  File "/data/data/com.termux/files/usr/lib/python3.13/site-packages/telebot/__init__.py", line 1247, in __threaded_polling
    polling_thread.raise_exceptions()
    ~~~~~~~~~~~~~~~~~~~~~~~~~~~~~~~^^
  File "/data/data/com.termux/files/usr/lib/python3.13/site-packages/telebot/util.py", line 116, in raise_exceptions
    raise self.exception_info
  File "/data/data/com.termux/files/usr/lib/python3.13/site-packages/telebot/util.py", line 98, in run
    task(*args, **kwargs)
    ~~~~^^^^^^^^^^^^^^^^^
  File "/data/data/com.termux/files/usr/lib/python3.13/site-packages/telebot/__init__.py", line 689, in __retrieve_updates
    updates = self.get_updates(offset=(self.last_update_id + 1),
                               allowed_updates=allowed_updates,
                               timeout=timeout, long_polling_timeout=long_polling_timeout)
  File "/data/data/com.termux/files/usr/lib/python3.13/site-packages/telebot/__init__.py", line 661, in get_updates
    json_updates = apihelper.get_updates(
        self.token, offset=offset, limit=limit, timeout=timeout, allowed_updates=allowed_updates,
        long_polling_timeout=long_polling_timeout)
  File "/data/data/com.termux/files/usr/lib/python3.13/site-packages/telebot/apihelper.py", line 339, in get_updates
    return _make_request(token, method_url, params=payload)
  File "/data/data/com.termux/files/usr/lib/python3.13/site-packages/telebot/apihelper.py", line 168, in _make_request
    json_result = _check_result(method_name, result)
  File "/data/data/com.termux/files/usr/lib/python3.13/site-packages/telebot/apihelper.py", line 197, in _check_result
    raise ApiTelegramException(method_name, result, result_json)
telebot.apihelper.ApiTelegramException: A request to the Telegram API was unsuccessful. Error code: 409. Description: Conflict: terminated by other getUpdates request; make sure that only one bot instance is running
"
2026-04-24 20:04:34,366 (__init__.py:1254 MainThread) ERROR - TeleBot: "Threaded polling exception: A request to the Telegram API was unsuccessful. Error code: 400. Description: Bad Request: there is no text in the message to edit"
2026-04-24 20:04:34,385 (__init__.py:1256 MainThread) ERROR - TeleBot: "Exception traceback:
Traceback (most recent call last):
  File "/data/data/com.termux/files/usr/lib/python3.13/site-packages/telebot/__init__.py", line 1248, in __threaded_polling
    self.worker_pool.raise_exceptions()
    ~~~~~~~~~~~~~~~~~~~~~~~~~~~~~~~~~^^
  File "/data/data/com.termux/files/usr/lib/python3.13/site-packages/telebot/util.py", line 155, in raise_exceptions
    raise self.exception_info
  File "/data/data/com.termux/files/usr/lib/python3.13/site-packages/telebot/util.py", line 98, in run
    task(*args, **kwargs)
    ~~~~^^^^^^^^^^^^^^^^^
  File "/data/data/com.termux/files/usr/lib/python3.13/site-packages/telebot/__init__.py", line 10609, in _run_middlewares_and_handler
    result = handler['function'](message)
  File "/data/data/com.termux/files/home/telegram_bot/telegram_bot/bot.py", line 546, in callback_handler
    elif data == "epstein":
        ^^^^^^^^^^^^^^^^^^^
  File "/data/data/com.termux/files/usr/lib/python3.13/site-packages/telebot/__init__.py", line 5513, in edit_message_text
    result = apihelper.edit_message_text(
        self.token, text, chat_id=chat_id, message_id=message_id, inline_message_id=inline_message_id,
        parse_mode=parse_mode, entities=entities, reply_markup=reply_markup, link_preview_options=link_preview_options,
        business_connection_id=business_connection_id, timeout=timeout)
  File "/data/data/com.termux/files/usr/lib/python3.13/site-packages/telebot/apihelper.py", line 1688, in edit_message_text
    return _make_request(token, method_url, params=payload, method='post')
  File "/data/data/com.termux/files/usr/lib/python3.13/site-packages/telebot/apihelper.py", line 168, in _make_request
    json_result = _check_result(method_name, result)
  File "/data/data/com.termux/files/usr/lib/python3.13/site-packages/telebot/apihelper.py", line 197, in _check_result
    raise ApiTelegramException(method_name, result, result_json)
telebot.apihelper.ApiTelegramException: A request to the Telegram API was unsuccessful. Error code: 400. Description: Bad Request: there is no text in the message to edit
"
2026-04-24 20:04:46,932 (__init__.py:1254 MainThread) ERROR - TeleBot: "Threaded polling exception: A request to the Telegram API was unsuccessful. Error code: 409. Description: Conflict: terminated by other getUpdates request; make sure that only one bot instance is running"
2026-04-24 20:04:46,945 (__init__.py:1256 MainThread) ERROR - TeleBot: "Exception traceback:
Traceback (most recent call last):
  File "/data/data/com.termux/files/usr/lib/python3.13/site-packages/telebot/__init__.py", line 1247, in __threaded_polling
    polling_thread.raise_exceptions()
    ~~~~~~~~~~~~~~~~~~~~~~~~~~~~~~~^^
  File "/data/data/com.termux/files/usr/lib/python3.13/site-packages/telebot/util.py", line 116, in raise_exceptions
    raise self.exception_info
  File "/data/data/com.termux/files/usr/lib/python3.13/site-packages/telebot/util.py", line 98, in run
    task(*args, **kwargs)
    ~~~~^^^^^^^^^^^^^^^^^
  File "/data/data/com.termux/files/usr/lib/python3.13/site-packages/telebot/__init__.py", line 689, in __retrieve_updates
    updates = self.get_updates(offset=(self.last_update_id + 1),
                               allowed_updates=allowed_updates,
                               timeout=timeout, long_polling_timeout=long_polling_timeout)
  File "/data/data/com.termux/files/usr/lib/python3.13/site-packages/telebot/__init__.py", line 661, in get_updates
    json_updates = apihelper.get_updates(
        self.token, offset=offset, limit=limit, timeout=timeout, allowed_updates=allowed_updates,
        long_polling_timeout=long_polling_timeout)
  File "/data/data/com.termux/files/usr/lib/python3.13/site-packages/telebot/apihelper.py", line 339, in get_updates
    return _make_request(token, method_url, params=payload)
  File "/data/data/com.termux/files/usr/lib/python3.13/site-packages/telebot/apihelper.py", line 168, in _make_request
    json_result = _check_result(method_name, result)
  File "/data/data/com.termux/files/usr/lib/python3.13/site-packages/telebot/apihelper.py", line 197, in _check_result
    raise ApiTelegramException(method_name, result, result_json)
telebot.apihelper.ApiTelegramException: A request to the Telegram API was unsuccessful. Error code: 409. Description: Conflict: terminated by other getUpdates request; make sure that only one bot instance is running
"
2026-04-24 20:04:58,454 (__init__.py:1254 MainThread) ERROR - TeleBot: "Threaded polling exception: A request to the Telegram API was unsuccessful. Error code: 409. Description: Conflict: terminated by other getUpdates request; make sure that only one bot instance is running"
2026-04-24 20:04:58,464 (__init__.py:1256 MainThread) ERROR - TeleBot: "Exception traceback:
Traceback (most recent call last):
  File "/data/data/com.termux/files/usr/lib/python3.13/site-packages/telebot/__init__.py", line 1247, in __threaded_polling
    polling_thread.raise_exceptions()
    ~~~~~~~~~~~~~~~~~~~~~~~~~~~~~~~^^
  File "/data/data/com.termux/files/usr/lib/python3.13/site-packages/telebot/util.py", line 116, in raise_exceptions
    raise self.exception_info
  File "/data/data/com.termux/files/usr/lib/python3.13/site-packages/telebot/util.py", line 98, in run
    task(*args, **kwargs)
    ~~~~^^^^^^^^^^^^^^^^^
  File "/data/data/com.termux/files/usr/lib/python3.13/site-packages/telebot/__init__.py", line 689, in __retrieve_updates
    updates = self.get_updates(offset=(self.last_update_id + 1),
                               allowed_updates=allowed_updates,
                               timeout=timeout, long_polling_timeout=long_polling_timeout)
  File "/data/data/com.termux/files/usr/lib/python3.13/site-packages/telebot/__init__.py", line 661, in get_updates
    json_updates = apihelper.get_updates(
        self.token, offset=offset, limit=limit, timeout=timeout, allowed_updates=allowed_updates,
        long_polling_timeout=long_polling_timeout)
  File "/data/data/com.termux/files/usr/lib/python3.13/site-packages/telebot/apihelper.py", line 339, in get_updates
    return _make_request(token, method_url, params=payload)
  File "/data/data/com.termux/files/usr/lib/python3.13/site-packages/telebot/apihelper.py", line 168, in _make_request
    json_result = _check_result(method_name, result)
  File "/data/data/com.termux/files/usr/lib/python3.13/site-packages/telebot/apihelper.py", line 197, in _check_result
    raise ApiTelegramException(method_name, result, result_json)
telebot.apihelper.ApiTelegramException: A request to the Telegram API was unsuccessful. Error code: 409. Description: Conflict: terminated by other getUpdates request; make sure that only one bot instance is running
"
2026-04-24 20:11:14,299 (__init__.py:1254 MainThread) ERROR - TeleBot: "Threaded polling exception: A request to the Telegram API was unsuccessful. Error code: 409. Description: Conflict: terminated by other getUpdates request; make sure that only one bot instance is running"
2026-04-24 20:11:14,322 (__init__.py:1256 MainThread) ERROR - TeleBot: "Exception traceback:
Traceback (most recent call last):
  File "/data/data/com.termux/files/usr/lib/python3.13/site-packages/telebot/__init__.py", line 1247, in __threaded_polling
    polling_thread.raise_exceptions()
    ~~~~~~~~~~~~~~~~~~~~~~~~~~~~~~~^^
  File "/data/data/com.termux/files/usr/lib/python3.13/site-packages/telebot/util.py", line 116, in raise_exceptions
    raise self.exception_info
  File "/data/data/com.termux/files/usr/lib/python3.13/site-packages/telebot/util.py", line 98, in run
    task(*args, **kwargs)
    ~~~~^^^^^^^^^^^^^^^^^
  File "/data/data/com.termux/files/usr/lib/python3.13/site-packages/telebot/__init__.py", line 689, in __retrieve_updates
    updates = self.get_updates(offset=(self.last_update_id + 1),
                               allowed_updates=allowed_updates,
                               timeout=timeout, long_polling_timeout=long_polling_timeout)
  File "/data/data/com.termux/files/usr/lib/python3.13/site-packages/telebot/__init__.py", line 661, in get_updates
    json_updates = apihelper.get_updates(
        self.token, offset=offset, limit=limit, timeout=timeout, allowed_updates=allowed_updates,
        long_polling_timeout=long_polling_timeout)
  File "/data/data/com.termux/files/usr/lib/python3.13/site-packages/telebot/apihelper.py", line 339, in get_updates
    return _make_request(token, method_url, params=payload)
  File "/data/data/com.termux/files/usr/lib/python3.13/site-packages/telebot/apihelper.py", line 168, in _make_request
    json_result = _check_result(method_name, result)
  File "/data/data/com.termux/files/usr/lib/python3.13/site-packages/telebot/apihelper.py", line 197, in _check_result
    raise ApiTelegramException(method_name, result, result_json)
telebot.apihelper.ApiTelegramException: A request to the Telegram API was unsuccessful. Error code: 409. Description: Conflict: terminated by other getUpdates request; make sure that only one bot instance is running
"
2026-04-24 20:11:18,111 (__init__.py:1254 MainThread) ERROR - TeleBot: "Threaded polling exception: A request to the Telegram API was unsuccessful. Error code: 409. Description: Conflict: terminated by other getUpdates request; make sure that only one bot instance is running"
2026-04-24 20:11:18,115 (__init__.py:1256 MainThread) ERROR - TeleBot: "Exception traceback:
Traceback (most recent call last):
  File "/data/data/com.termux/files/usr/lib/python3.13/site-packages/telebot/__init__.py", line 1247, in __threaded_polling
    polling_thread.raise_exceptions()
    ~~~~~~~~~~~~~~~~~~~~~~~~~~~~~~~^^
  File "/data/data/com.termux/files/usr/lib/python3.13/site-packages/telebot/util.py", line 116, in raise_exceptions
    raise self.exception_info
  File "/data/data/com.termux/files/usr/lib/python3.13/site-packages/telebot/util.py", line 98, in run
    task(*args, **kwargs)
    ~~~~^^^^^^^^^^^^^^^^^
  File "/data/data/com.termux/files/usr/lib/python3.13/site-packages/telebot/__init__.py", line 689, in __retrieve_updates
    updates = self.get_updates(offset=(self.last_update_id + 1),
                               allowed_updates=allowed_updates,
                               timeout=timeout, long_polling_timeout=long_polling_timeout)
  File "/data/data/com.termux/files/usr/lib/python3.13/site-packages/telebot/__init__.py", line 661, in get_updates
    json_updates = apihelper.get_updates(
        self.token, offset=offset, limit=limit, timeout=timeout, allowed_updates=allowed_updates,
        long_polling_timeout=long_polling_timeout)
  File "/data/data/com.termux/files/usr/lib/python3.13/site-packages/telebot/apihelper.py", line 339, in get_updates
    return _make_request(token, method_url, params=payload)
  File "/data/data/com.termux/files/usr/lib/python3.13/site-packages/telebot/apihelper.py", line 168, in _make_request
    json_result = _check_result(method_name, result)
  File "/data/data/com.termux/files/usr/lib/python3.13/site-packages/telebot/apihelper.py", line 197, in _check_result
    raise ApiTelegramException(method_name, result, result_json)
telebot.apihelper.ApiTelegramException: A request to the Telegram API was unsuccessful. Error code: 409. Description: Conflict: terminated by other getUpdates request; make sure that only one bot instance is running
"
2026-04-24 20:11:22,390 (__init__.py:1254 MainThread) ERROR - TeleBot: "Threaded polling exception: A request to the Telegram API was unsuccessful. Error code: 409. Description: Conflict: terminated by other getUpdates request; make sure that only one bot instance is running"
2026-04-24 20:11:22,401 (__init__.py:1256 MainThread) ERROR - TeleBot: "Exception traceback:
Traceback (most recent call last):
  File "/data/data/com.termux/files/usr/lib/python3.13/site-packages/telebot/__init__.py", line 1247, in __threaded_polling
    polling_thread.raise_exceptions()
    ~~~~~~~~~~~~~~~~~~~~~~~~~~~~~~~^^
  File "/data/data/com.termux/files/usr/lib/python3.13/site-packages/telebot/util.py", line 116, in raise_exceptions
    raise self.exception_info
  File "/data/data/com.termux/files/usr/lib/python3.13/site-packages/telebot/util.py", line 98, in run
    task(*args, **kwargs)
    ~~~~^^^^^^^^^^^^^^^^^
  File "/data/data/com.termux/files/usr/lib/python3.13/site-packages/telebot/__init__.py", line 689, in __retrieve_updates
    updates = self.get_updates(offset=(self.last_update_id + 1),
                               allowed_updates=allowed_updates,
                               timeout=timeout, long_polling_timeout=long_polling_timeout)
  File "/data/data/com.termux/files/usr/lib/python3.13/site-packages/telebot/__init__.py", line 661, in get_updates
    json_updates = apihelper.get_updates(
        self.token, offset=offset, limit=limit, timeout=timeout, allowed_updates=allowed_updates,
        long_polling_timeout=long_polling_timeout)
  File "/data/data/com.termux/files/usr/lib/python3.13/site-packages/telebot/apihelper.py", line 339, in get_updates
    return _make_request(token, method_url, params=payload)
  File "/data/data/com.termux/files/usr/lib/python3.13/site-packages/telebot/apihelper.py", line 168, in _make_request
    json_result = _check_result(method_name, result)
  File "/data/data/com.termux/files/usr/lib/python3.13/site-packages/telebot/apihelper.py", line 197, in _check_result
    raise ApiTelegramException(method_name, result, result_json)
telebot.apihelper.ApiTelegramException: A request to the Telegram API was unsuccessful. Error code: 409. Description: Conflict: terminated by other getUpdates request; make sure that only one bot instance is running
"
2026-04-24 20:11:27,072 (__init__.py:1254 MainThread) ERROR - TeleBot: "Threaded polling exception: A request to the Telegram API was unsuccessful. Error code: 409. Description: Conflict: terminated by other getUpdates request; make sure that only one bot instance is running"
2026-04-24 20:11:27,079 (__init__.py:1256 MainThread) ERROR - TeleBot: "Exception traceback:
Traceback (most recent call last):
  File "/data/data/com.termux/files/usr/lib/python3.13/site-packages/telebot/__init__.py", line 1247, in __threaded_polling
    polling_thread.raise_exceptions()
    ~~~~~~~~~~~~~~~~~~~~~~~~~~~~~~~^^
  File "/data/data/com.termux/files/usr/lib/python3.13/site-packages/telebot/util.py", line 116, in raise_exceptions
    raise self.exception_info
  File "/data/data/com.termux/files/usr/lib/python3.13/site-packages/telebot/util.py", line 98, in run
    task(*args, **kwargs)
    ~~~~^^^^^^^^^^^^^^^^^
  File "/data/data/com.termux/files/usr/lib/python3.13/site-packages/telebot/__init__.py", line 689, in __retrieve_updates
    updates = self.get_updates(offset=(self.last_update_id + 1),
                               allowed_updates=allowed_updates,
                               timeout=timeout, long_polling_timeout=long_polling_timeout)
  File "/data/data/com.termux/files/usr/lib/python3.13/site-packages/telebot/__init__.py", line 661, in get_updates
    json_updates = apihelper.get_updates(
        self.token, offset=offset, limit=limit, timeout=timeout, allowed_updates=allowed_updates,
        long_polling_timeout=long_polling_timeout)
  File "/data/data/com.termux/files/usr/lib/python3.13/site-packages/telebot/apihelper.py", line 339, in get_updates
    return _make_request(token, method_url, params=payload)
  File "/data/data/com.termux/files/usr/lib/python3.13/site-packages/telebot/apihelper.py", line 168, in _make_request
    json_result = _check_result(method_name, result)
  File "/data/data/com.termux/files/usr/lib/python3.13/site-packages/telebot/apihelper.py", line 197, in _check_result
    raise ApiTelegramException(method_name, result, result_json)
telebot.apihelper.ApiTelegramException: A request to the Telegram API was unsuccessful. Error code: 409. Description: Conflict: terminated by other getUpdates request; make sure that only one bot instance is running
"
2026-04-24 20:11:32,794 (__init__.py:1254 MainThread) ERROR - TeleBot: "Threaded polling exception: A request to the Telegram API was unsuccessful. Error code: 409. Description: Conflict: terminated by other getUpdates request; make sure that only one bot instance is running"
2026-04-24 20:11:32,798 (__init__.py:1256 MainThread) ERROR - TeleBot: "Exception traceback:
Traceback (most recent call last):
  File "/data/data/com.termux/files/usr/lib/python3.13/site-packages/telebot/__init__.py", line 1247, in __threaded_polling
    polling_thread.raise_exceptions()
    ~~~~~~~~~~~~~~~~~~~~~~~~~~~~~~~^^
  File "/data/data/com.termux/files/usr/lib/python3.13/site-packages/telebot/util.py", line 116, in raise_exceptions
    raise self.exception_info
  File "/data/data/com.termux/files/usr/lib/python3.13/site-packages/telebot/util.py", line 98, in run
    task(*args, **kwargs)
    ~~~~^^^^^^^^^^^^^^^^^
  File "/data/data/com.termux/files/usr/lib/python3.13/site-packages/telebot/__init__.py", line 689, in __retrieve_updates
    updates = self.get_updates(offset=(self.last_update_id + 1),
                               allowed_updates=allowed_updates,
                               timeout=timeout, long_polling_timeout=long_polling_timeout)
  File "/data/data/com.termux/files/usr/lib/python3.13/site-packages/telebot/__init__.py", line 661, in get_updates
    json_updates = apihelper.get_updates(
        self.token, offset=offset, limit=limit, timeout=timeout, allowed_updates=allowed_updates,
        long_polling_timeout=long_polling_timeout)
  File "/data/data/com.termux/files/usr/lib/python3.13/site-packages/telebot/apihelper.py", line 339, in get_updates
    return _make_request(token, method_url, params=payload)
  File "/data/data/com.termux/files/usr/lib/python3.13/site-packages/telebot/apihelper.py", line 168, in _make_request
    json_result = _check_result(method_name, result)
  File "/data/data/com.termux/files/usr/lib/python3.13/site-packages/telebot/apihelper.py", line 197, in _check_result
    raise ApiTelegramException(method_name, result, result_json)
telebot.apihelper.ApiTelegramException: A request to the Telegram API was unsuccessful. Error code: 409. Description: Conflict: terminated by other getUpdates request; make sure that only one bot instance is running
"
2026-04-24 20:11:40,284 (__init__.py:1254 MainThread) ERROR - TeleBot: "Threaded polling exception: A request to the Telegram API was unsuccessful. Error code: 409. Description: Conflict: terminated by other getUpdates request; make sure that only one bot instance is running"
2026-04-24 20:11:40,293 (__init__.py:1256 MainThread) ERROR - TeleBot: "Exception traceback:
Traceback (most recent call last):
  File "/data/data/com.termux/files/usr/lib/python3.13/site-packages/telebot/__init__.py", line 1247, in __threaded_polling
    polling_thread.raise_exceptions()
    ~~~~~~~~~~~~~~~~~~~~~~~~~~~~~~~^^
  File "/data/data/com.termux/files/usr/lib/python3.13/site-packages/telebot/util.py", line 116, in raise_exceptions
    raise self.exception_info
  File "/data/data/com.termux/files/usr/lib/python3.13/site-packages/telebot/util.py", line 98, in run
    task(*args, **kwargs)
    ~~~~^^^^^^^^^^^^^^^^^
  File "/data/data/com.termux/files/usr/lib/python3.13/site-packages/telebot/__init__.py", line 689, in __retrieve_updates
    updates = self.get_updates(offset=(self.last_update_id + 1),
                               allowed_updates=allowed_updates,
                               timeout=timeout, long_polling_timeout=long_polling_timeout)
  File "/data/data/com.termux/files/usr/lib/python3.13/site-packages/telebot/__init__.py", line 661, in get_updates
    json_updates = apihelper.get_updates(
        self.token, offset=offset, limit=limit, timeout=timeout, allowed_updates=allowed_updates,
        long_polling_timeout=long_polling_timeout)
  File "/data/data/com.termux/files/usr/lib/python3.13/site-packages/telebot/apihelper.py", line 339, in get_updates
    return _make_request(token, method_url, params=payload)
  File "/data/data/com.termux/files/usr/lib/python3.13/site-packages/telebot/apihelper.py", line 168, in _make_request
    json_result = _check_result(method_name, result)
  File "/data/data/com.termux/files/usr/lib/python3.13/site-packages/telebot/apihelper.py", line 197, in _check_result
    raise ApiTelegramException(method_name, result, result_json)
telebot.apihelper.ApiTelegramException: A request to the Telegram API was unsuccessful. Error code: 409. Description: Conflict: terminated by other getUpdates request; make sure that only one bot instance is running
"
2026-04-24 20:11:52,073 (__init__.py:1254 MainThread) ERROR - TeleBot: "Threaded polling exception: A request to the Telegram API was unsuccessful. Error code: 409. Description: Conflict: terminated by other getUpdates request; make sure that only one bot instance is running"
2026-04-24 20:11:52,080 (__init__.py:1256 MainThread) ERROR - TeleBot: "Exception traceback:
Traceback (most recent call last):
  File "/data/data/com.termux/files/usr/lib/python3.13/site-packages/telebot/__init__.py", line 1247, in __threaded_polling
    polling_thread.raise_exceptions()
    ~~~~~~~~~~~~~~~~~~~~~~~~~~~~~~~^^
  File "/data/data/com.termux/files/usr/lib/python3.13/site-packages/telebot/util.py", line 116, in raise_exceptions
    raise self.exception_info
  File "/data/data/com.termux/files/usr/lib/python3.13/site-packages/telebot/util.py", line 98, in run
    task(*args, **kwargs)
    ~~~~^^^^^^^^^^^^^^^^^
  File "/data/data/com.termux/files/usr/lib/python3.13/site-packages/telebot/__init__.py", line 689, in __retrieve_updates
    updates = self.get_updates(offset=(self.last_update_id + 1),
                               allowed_updates=allowed_updates,
                               timeout=timeout, long_polling_timeout=long_polling_timeout)
  File "/data/data/com.termux/files/usr/lib/python3.13/site-packages/telebot/__init__.py", line 661, in get_updates
    json_updates = apihelper.get_updates(
        self.token, offset=offset, limit=limit, timeout=timeout, allowed_updates=allowed_updates,
        long_polling_timeout=long_polling_timeout)
  File "/data/data/com.termux/files/usr/lib/python3.13/site-packages/telebot/apihelper.py", line 339, in get_updates
    return _make_request(token, method_url, params=payload)
  File "/data/data/com.termux/files/usr/lib/python3.13/site-packages/telebot/apihelper.py", line 168, in _make_request
    json_result = _check_result(method_name, result)
  File "/data/data/com.termux/files/usr/lib/python3.13/site-packages/telebot/apihelper.py", line 197, in _check_result
    raise ApiTelegramException(method_name, result, result_json)
telebot.apihelper.ApiTelegramException: A request to the Telegram API was unsuccessful. Error code: 409. Description: Conflict: terminated by other getUpdates request; make sure that only one bot instance is running
"
2026-04-24 20:12:12,459 (__init__.py:1254 MainThread) ERROR - TeleBot: "Threaded polling exception: A request to the Telegram API was unsuccessful. Error code: 409. Description: Conflict: terminated by other getUpdates request; make sure that only one bot instance is running"
2026-04-24 20:12:12,466 (__init__.py:1256 MainThread) ERROR - TeleBot: "Exception traceback:
Traceback (most recent call last):
  File "/data/data/com.termux/files/usr/lib/python3.13/site-packages/telebot/__init__.py", line 1247, in __threaded_polling
    polling_thread.raise_exceptions()
    ~~~~~~~~~~~~~~~~~~~~~~~~~~~~~~~^^
  File "/data/data/com.termux/files/usr/lib/python3.13/site-packages/telebot/util.py", line 116, in raise_exceptions
    raise self.exception_info
  File "/data/data/com.termux/files/usr/lib/python3.13/site-packages/telebot/util.py", line 98, in run
    task(*args, **kwargs)
    ~~~~^^^^^^^^^^^^^^^^^
  File "/data/data/com.termux/files/usr/lib/python3.13/site-packages/telebot/__init__.py", line 689, in __retrieve_updates
    updates = self.get_updates(offset=(self.last_update_id + 1),
                               allowed_updates=allowed_updates,
                               timeout=timeout, long_polling_timeout=long_polling_timeout)
  File "/data/data/com.termux/files/usr/lib/python3.13/site-packages/telebot/__init__.py", line 661, in get_updates
    json_updates = apihelper.get_updates(
        self.token, offset=offset, limit=limit, timeout=timeout, allowed_updates=allowed_updates,
        long_polling_timeout=long_polling_timeout)
  File "/data/data/com.termux/files/usr/lib/python3.13/site-packages/telebot/apihelper.py", line 339, in get_updates
    return _make_request(token, method_url, params=payload)
  File "/data/data/com.termux/files/usr/lib/python3.13/site-packages/telebot/apihelper.py", line 168, in _make_request
    json_result = _check_result(method_name, result)
  File "/data/data/com.termux/files/usr/lib/python3.13/site-packages/telebot/apihelper.py", line 197, in _check_result
    raise ApiTelegramException(method_name, result, result_json)
telebot.apihelper.ApiTelegramException: A request to the Telegram API was unsuccessful. Error code: 409. Description: Conflict: terminated by other getUpdates request; make sure that only one bot instance is running
"
2026-04-24 20:12:49,774 (__init__.py:1254 MainThread) ERROR - TeleBot: "Threaded polling exception: A request to the Telegram API was unsuccessful. Error code: 409. Description: Conflict: terminated by other getUpdates request; make sure that only one bot instance is running"
2026-04-24 20:12:49,783 (__init__.py:1256 MainThread) ERROR - TeleBot: "Exception traceback:
Traceback (most recent call last):
  File "/data/data/com.termux/files/usr/lib/python3.13/site-packages/telebot/__init__.py", line 1247, in __threaded_polling
    polling_thread.raise_exceptions()
    ~~~~~~~~~~~~~~~~~~~~~~~~~~~~~~~^^
  File "/data/data/com.termux/files/usr/lib/python3.13/site-packages/telebot/util.py", line 116, in raise_exceptions
    raise self.exception_info
  File "/data/data/com.termux/files/usr/lib/python3.13/site-packages/telebot/util.py", line 98, in run
    task(*args, **kwargs)
    ~~~~^^^^^^^^^^^^^^^^^
  File "/data/data/com.termux/files/usr/lib/python3.13/site-packages/telebot/__init__.py", line 689, in __retrieve_updates
    updates = self.get_updates(offset=(self.last_update_id + 1),
                               allowed_updates=allowed_updates,
                               timeout=timeout, long_polling_timeout=long_polling_timeout)
  File "/data/data/com.termux/files/usr/lib/python3.13/site-packages/telebot/__init__.py", line 661, in get_updates
    json_updates = apihelper.get_updates(
        self.token, offset=offset, limit=limit, timeout=timeout, allowed_updates=allowed_updates,
        long_polling_timeout=long_polling_timeout)
  File "/data/data/com.termux/files/usr/lib/python3.13/site-packages/telebot/apihelper.py", line 339, in get_updates
    return _make_request(token, method_url, params=payload)
  File "/data/data/com.termux/files/usr/lib/python3.13/site-packages/telebot/apihelper.py", line 168, in _make_request
    json_result = _check_result(method_name, result)
  File "/data/data/com.termux/files/usr/lib/python3.13/site-packages/telebot/apihelper.py", line 197, in _check_result
    raise ApiTelegramException(method_name, result, result_json)
telebot.apihelper.ApiTelegramException: A request to the Telegram API was unsuccessful. Error code: 409. Description: Conflict: terminated by other getUpdates request; make sure that only one bot instance is running
"
2026-04-24 20:13:54,047 (__init__.py:1254 MainThread) ERROR - TeleBot: "Threaded polling exception: A request to the Telegram API was unsuccessful. Error code: 409. Description: Conflict: terminated by other getUpdates request; make sure that only one bot instance is running"
2026-04-24 20:13:54,055 (__init__.py:1256 MainThread) ERROR - TeleBot: "Exception traceback:
Traceback (most recent call last):
  File "/data/data/com.termux/files/usr/lib/python3.13/site-packages/telebot/__init__.py", line 1247, in __threaded_polling
    polling_thread.raise_exceptions()
    ~~~~~~~~~~~~~~~~~~~~~~~~~~~~~~~^^
  File "/data/data/com.termux/files/usr/lib/python3.13/site-packages/telebot/util.py", line 116, in raise_exceptions
    raise self.exception_info
  File "/data/data/com.termux/files/usr/lib/python3.13/site-packages/telebot/util.py", line 98, in run
    task(*args, **kwargs)
    ~~~~^^^^^^^^^^^^^^^^^
  File "/data/data/com.termux/files/usr/lib/python3.13/site-packages/telebot/__init__.py", line 689, in __retrieve_updates
    updates = self.get_updates(offset=(self.last_update_id + 1),
                               allowed_updates=allowed_updates,
                               timeout=timeout, long_polling_timeout=long_polling_timeout)
  File "/data/data/com.termux/files/usr/lib/python3.13/site-packages/telebot/__init__.py", line 661, in get_updates
    json_updates = apihelper.get_updates(
        self.token, offset=offset, limit=limit, timeout=timeout, allowed_updates=allowed_updates,
        long_polling_timeout=long_polling_timeout)
  File "/data/data/com.termux/files/usr/lib/python3.13/site-packages/telebot/apihelper.py", line 339, in get_updates
    return _make_request(token, method_url, params=payload)
  File "/data/data/com.termux/files/usr/lib/python3.13/site-packages/telebot/apihelper.py", line 168, in _make_request
    json_result = _check_result(method_name, result)
  File "/data/data/com.termux/files/usr/lib/python3.13/site-packages/telebot/apihelper.py", line 197, in _check_result
    raise ApiTelegramException(method_name, result, result_json)
telebot.apihelper.ApiTelegramException: A request to the Telegram API was unsuccessful. Error code: 409. Description: Conflict: terminated by other getUpdates request; make sure that only one bot instance is running
"
2026-04-24 20:14:57,597 (__init__.py:1254 MainThread) ERROR - TeleBot: "Threaded polling exception: A request to the Telegram API was unsuccessful. Error code: 409. Description: Conflict: terminated by other getUpdates request; make sure that only one bot instance is running"
2026-04-24 20:14:57,599 (__init__.py:1256 MainThread) ERROR - TeleBot: "Exception traceback:
Traceback (most recent call last):
  File "/data/data/com.termux/files/usr/lib/python3.13/site-packages/telebot/__init__.py", line 1247, in __threaded_polling
    polling_thread.raise_exceptions()
    ~~~~~~~~~~~~~~~~~~~~~~~~~~~~~~~^^
  File "/data/data/com.termux/files/usr/lib/python3.13/site-packages/telebot/util.py", line 116, in raise_exceptions
    raise self.exception_info
  File "/data/data/com.termux/files/usr/lib/python3.13/site-packages/telebot/util.py", line 98, in run
    task(*args, **kwargs)
    ~~~~^^^^^^^^^^^^^^^^^
  File "/data/data/com.termux/files/usr/lib/python3.13/site-packages/telebot/__init__.py", line 689, in __retrieve_updates
    updates = self.get_updates(offset=(self.last_update_id + 1),
                               allowed_updates=allowed_updates,
                               timeout=timeout, long_polling_timeout=long_polling_timeout)
  File "/data/data/com.termux/files/usr/lib/python3.13/site-packages/telebot/__init__.py", line 661, in get_updates
    json_updates = apihelper.get_updates(
        self.token, offset=offset, limit=limit, timeout=timeout, allowed_updates=allowed_updates,
        long_polling_timeout=long_polling_timeout)
  File "/data/data/com.termux/files/usr/lib/python3.13/site-packages/telebot/apihelper.py", line 339, in get_updates
    return _make_request(token, method_url, params=payload)
  File "/data/data/com.termux/files/usr/lib/python3.13/site-packages/telebot/apihelper.py", line 168, in _make_request
    json_result = _check_result(method_name, result)
  File "/data/data/com.termux/files/usr/lib/python3.13/site-packages/telebot/apihelper.py", line 197, in _check_result
    raise ApiTelegramException(method_name, result, result_json)
telebot.apihelper.ApiTelegramException: A request to the Telegram API was unsuccessful. Error code: 409. Description: Conflict: terminated by other getUpdates request; make sure that only one bot instance is running
"
2026-04-24 20:16:01,110 (__init__.py:1254 MainThread) ERROR - TeleBot: "Threaded polling exception: A request to the Telegram API was unsuccessful. Error code: 409. Description: Conflict: terminated by other getUpdates request; make sure that only one bot instance is running"
2026-04-24 20:16:01,126 (__init__.py:1256 MainThread) ERROR - TeleBot: "Exception traceback:
Traceback (most recent call last):
  File "/data/data/com.termux/files/usr/lib/python3.13/site-packages/telebot/__init__.py", line 1247, in __threaded_polling
    polling_thread.raise_exceptions()
    ~~~~~~~~~~~~~~~~~~~~~~~~~~~~~~~^^
  File "/data/data/com.termux/files/usr/lib/python3.13/site-packages/telebot/util.py", line 116, in raise_exceptions
    raise self.exception_info
  File "/data/data/com.termux/files/usr/lib/python3.13/site-packages/telebot/util.py", line 98, in run
    task(*args, **kwargs)
    ~~~~^^^^^^^^^^^^^^^^^
  File "/data/data/com.termux/files/usr/lib/python3.13/site-packages/telebot/__init__.py", line 689, in __retrieve_updates
    updates = self.get_updates(offset=(self.last_update_id + 1),
                               allowed_updates=allowed_updates,
                               timeout=timeout, long_polling_timeout=long_polling_timeout)
  File "/data/data/com.termux/files/usr/lib/python3.13/site-packages/telebot/__init__.py", line 661, in get_updates
    json_updates = apihelper.get_updates(
        self.token, offset=offset, limit=limit, timeout=timeout, allowed_updates=allowed_updates,
        long_polling_timeout=long_polling_timeout)
  File "/data/data/com.termux/files/usr/lib/python3.13/site-packages/telebot/apihelper.py", line 339, in get_updates
    return _make_request(token, method_url, params=payload)
  File "/data/data/com.termux/files/usr/lib/python3.13/site-packages/telebot/apihelper.py", line 168, in _make_request
    json_result = _check_result(method_name, result)
  File "/data/data/com.termux/files/usr/lib/python3.13/site-packages/telebot/apihelper.py", line 197, in _check_result
    raise ApiTelegramException(method_name, result, result_json)
telebot.apihelper.ApiTelegramException: A request to the Telegram API was unsuccessful. Error code: 409. Description: Conflict: terminated by other getUpdates request; make sure that only one bot instance is running
"
2026-04-24 20:17:04,672 (__init__.py:1254 MainThread) ERROR - TeleBot: "Threaded polling exception: A request to the Telegram API was unsuccessful. Error code: 409. Description: Conflict: terminated by other getUpdates request; make sure that only one bot instance is running"
2026-04-24 20:17:04,679 (__init__.py:1256 MainThread) ERROR - TeleBot: "Exception traceback:
Traceback (most recent call last):
  File "/data/data/com.termux/files/usr/lib/python3.13/site-packages/telebot/__init__.py", line 1247, in __threaded_polling
    polling_thread.raise_exceptions()
    ~~~~~~~~~~~~~~~~~~~~~~~~~~~~~~~^^
  File "/data/data/com.termux/files/usr/lib/python3.13/site-packages/telebot/util.py", line 116, in raise_exceptions
    raise self.exception_info
  File "/data/data/com.termux/files/usr/lib/python3.13/site-packages/telebot/util.py", line 98, in run
    task(*args, **kwargs)
    ~~~~^^^^^^^^^^^^^^^^^
  File "/data/data/com.termux/files/usr/lib/python3.13/site-packages/telebot/__init__.py", line 689, in __retrieve_updates
    updates = self.get_updates(offset=(self.last_update_id + 1),
                               allowed_updates=allowed_updates,
                               timeout=timeout, long_polling_timeout=long_polling_timeout)
  File "/data/data/com.termux/files/usr/lib/python3.13/site-packages/telebot/__init__.py", line 661, in get_updates
    json_updates = apihelper.get_updates(
        self.token, offset=offset, limit=limit, timeout=timeout, allowed_updates=allowed_updates,
        long_polling_timeout=long_polling_timeout)
  File "/data/data/com.termux/files/usr/lib/python3.13/site-packages/telebot/apihelper.py", line 339, in get_updates
    return _make_request(token, method_url, params=payload)
  File "/data/data/com.termux/files/usr/lib/python3.13/site-packages/telebot/apihelper.py", line 168, in _make_request
    json_result = _check_result(method_name, result)
  File "/data/data/com.termux/files/usr/lib/python3.13/site-packages/telebot/apihelper.py", line 197, in _check_result
    raise ApiTelegramException(method_name, result, result_json)
telebot.apihelper.ApiTelegramException: A request to the Telegram API was unsuccessful. Error code: 409. Description: Conflict: terminated by other getUpdates request; make sure that only one bot instance is running
"
2026-04-24 20:18:08,164 (__init__.py:1254 MainThread) ERROR - TeleBot: "Threaded polling exception: A request to the Telegram API was unsuccessful. Error code: 409. Description: Conflict: terminated by other getUpdates request; make sure that only one bot instance is running"
2026-04-24 20:18:08,175 (__init__.py:1256 MainThread) ERROR - TeleBot: "Exception traceback:
Traceback (most recent call last):
  File "/data/data/com.termux/files/usr/lib/python3.13/site-packages/telebot/__init__.py", line 1247, in __threaded_polling
    polling_thread.raise_exceptions()
    ~~~~~~~~~~~~~~~~~~~~~~~~~~~~~~~^^
  File "/data/data/com.termux/files/usr/lib/python3.13/site-packages/telebot/util.py", line 116, in raise_exceptions
    raise self.exception_info
  File "/data/data/com.termux/files/usr/lib/python3.13/site-packages/telebot/util.py", line 98, in run
    task(*args, **kwargs)
    ~~~~^^^^^^^^^^^^^^^^^
  File "/data/data/com.termux/files/usr/lib/python3.13/site-packages/telebot/__init__.py", line 689, in __retrieve_updates
    updates = self.get_updates(offset=(self.last_update_id + 1),
                               allowed_updates=allowed_updates,
                               timeout=timeout, long_polling_timeout=long_polling_timeout)
  File "/data/data/com.termux/files/usr/lib/python3.13/site-packages/telebot/__init__.py", line 661, in get_updates
    json_updates = apihelper.get_updates(
        self.token, offset=offset, limit=limit, timeout=timeout, allowed_updates=allowed_updates,
        long_polling_timeout=long_polling_timeout)
  File "/data/data/com.termux/files/usr/lib/python3.13/site-packages/telebot/apihelper.py", line 339, in get_updates
    return _make_request(token, method_url, params=payload)
  File "/data/data/com.termux/files/usr/lib/python3.13/site-packages/telebot/apihelper.py", line 168, in _make_request
    json_result = _check_result(method_name, result)
  File "/data/data/com.termux/files/usr/lib/python3.13/site-packages/telebot/apihelper.py", line 197, in _check_result
    raise ApiTelegramException(method_name, result, result_json)
telebot.apihelper.ApiTelegramException: A request to the Telegram API was unsuccessful. Error code: 409. Description: Conflict: terminated by other getUpdates request; make sure that only one bot instance is running
"
2026-04-24 20:19:49,015 (__init__.py:1254 MainThread) ERROR - TeleBot: "Threaded polling exception: A request to the Telegram API was unsuccessful. Error code: 409. Description: Conflict: terminated by other getUpdates request; make sure that only one bot instance is running"
2026-04-24 20:19:49,037 (__init__.py:1256 MainThread) ERROR - TeleBot: "Exception traceback:
Traceback (most recent call last):
  File "/data/data/com.termux/files/usr/lib/python3.13/site-packages/telebot/__init__.py", line 1247, in __threaded_polling
    polling_thread.raise_exceptions()
    ~~~~~~~~~~~~~~~~~~~~~~~~~~~~~~~^^
  File "/data/data/com.termux/files/usr/lib/python3.13/site-packages/telebot/util.py", line 116, in raise_exceptions
    raise self.exception_info
  File "/data/data/com.termux/files/usr/lib/python3.13/site-packages/telebot/util.py", line 98, in run
    task(*args, **kwargs)
    ~~~~^^^^^^^^^^^^^^^^^
  File "/data/data/com.termux/files/usr/lib/python3.13/site-packages/telebot/__init__.py", line 689, in __retrieve_updates
    updates = self.get_updates(offset=(self.last_update_id + 1),
                               allowed_updates=allowed_updates,
                               timeout=timeout, long_polling_timeout=long_polling_timeout)
  File "/data/data/com.termux/files/usr/lib/python3.13/site-packages/telebot/__init__.py", line 661, in get_updates
    json_updates = apihelper.get_updates(
        self.token, offset=offset, limit=limit, timeout=timeout, allowed_updates=allowed_updates,
        long_polling_timeout=long_polling_timeout)
  File "/data/data/com.termux/files/usr/lib/python3.13/site-packages/telebot/apihelper.py", line 339, in get_updates
    return _make_request(token, method_url, params=payload)
  File "/data/data/com.termux/files/usr/lib/python3.13/site-packages/telebot/apihelper.py", line 168, in _make_request
    json_result = _check_result(method_name, result)
  File "/data/data/com.termux/files/usr/lib/python3.13/site-packages/telebot/apihelper.py", line 197, in _check_result
    raise ApiTelegramException(method_name, result, result_json)
telebot.apihelper.ApiTelegramException: A request to the Telegram API was unsuccessful. Error code: 409. Description: Conflict: terminated by other getUpdates request; make sure that only one bot instance is running
"
2026-04-24 20:19:52,891 (__init__.py:1254 MainThread) ERROR - TeleBot: "Threaded polling exception: A request to the Telegram API was unsuccessful. Error code: 409. Description: Conflict: terminated by other getUpdates request; make sure that only one bot instance is running"
2026-04-24 20:19:52,900 (__init__.py:1256 MainThread) ERROR - TeleBot: "Exception traceback:
Traceback (most recent call last):
  File "/data/data/com.termux/files/usr/lib/python3.13/site-packages/telebot/__init__.py", line 1247, in __threaded_polling
    polling_thread.raise_exceptions()
    ~~~~~~~~~~~~~~~~~~~~~~~~~~~~~~~^^
  File "/data/data/com.termux/files/usr/lib/python3.13/site-packages/telebot/util.py", line 116, in raise_exceptions
    raise self.exception_info
  File "/data/data/com.termux/files/usr/lib/python3.13/site-packages/telebot/util.py", line 98, in run
    task(*args, **kwargs)
    ~~~~^^^^^^^^^^^^^^^^^
  File "/data/data/com.termux/files/usr/lib/python3.13/site-packages/telebot/__init__.py", line 689, in __retrieve_updates
    updates = self.get_updates(offset=(self.last_update_id + 1),
                               allowed_updates=allowed_updates,
                               timeout=timeout, long_polling_timeout=long_polling_timeout)
  File "/data/data/com.termux/files/usr/lib/python3.13/site-packages/telebot/__init__.py", line 661, in get_updates
    json_updates = apihelper.get_updates(
        self.token, offset=offset, limit=limit, timeout=timeout, allowed_updates=allowed_updates,
        long_polling_timeout=long_polling_timeout)
  File "/data/data/com.termux/files/usr/lib/python3.13/site-packages/telebot/apihelper.py", line 339, in get_updates
    return _make_request(token, method_url, params=payload)
  File "/data/data/com.termux/files/usr/lib/python3.13/site-packages/telebot/apihelper.py", line 168, in _make_request
    json_result = _check_result(method_name, result)
  File "/data/data/com.termux/files/usr/lib/python3.13/site-packages/telebot/apihelper.py", line 197, in _check_result
    raise ApiTelegramException(method_name, result, result_json)
telebot.apihelper.ApiTelegramException: A request to the Telegram API was unsuccessful. Error code: 409. Description: Conflict: terminated by other getUpdates request; make sure that only one bot instance is running
"
2026-04-24 20:19:57,152 (__init__.py:1254 MainThread) ERROR - TeleBot: "Threaded polling exception: A request to the Telegram API was unsuccessful. Error code: 409. Description: Conflict: terminated by other getUpdates request; make sure that only one bot instance is running"
2026-04-24 20:19:57,155 (__init__.py:1256 MainThread) ERROR - TeleBot: "Exception traceback:
Traceback (most recent call last):
  File "/data/data/com.termux/files/usr/lib/python3.13/site-packages/telebot/__init__.py", line 1247, in __threaded_polling
    polling_thread.raise_exceptions()
    ~~~~~~~~~~~~~~~~~~~~~~~~~~~~~~~^^
  File "/data/data/com.termux/files/usr/lib/python3.13/site-packages/telebot/util.py", line 116, in raise_exceptions
    raise self.exception_info
  File "/data/data/com.termux/files/usr/lib/python3.13/site-packages/telebot/util.py", line 98, in run
    task(*args, **kwargs)
    ~~~~^^^^^^^^^^^^^^^^^
  File "/data/data/com.termux/files/usr/lib/python3.13/site-packages/telebot/__init__.py", line 689, in __retrieve_updates
    updates = self.get_updates(offset=(self.last_update_id + 1),
                               allowed_updates=allowed_updates,
                               timeout=timeout, long_polling_timeout=long_polling_timeout)
  File "/data/data/com.termux/files/usr/lib/python3.13/site-packages/telebot/__init__.py", line 661, in get_updates
    json_updates = apihelper.get_updates(
        self.token, offset=offset, limit=limit, timeout=timeout, allowed_updates=allowed_updates,
        long_polling_timeout=long_polling_timeout)
  File "/data/data/com.termux/files/usr/lib/python3.13/site-packages/telebot/apihelper.py", line 339, in get_updates
    return _make_request(token, method_url, params=payload)
  File "/data/data/com.termux/files/usr/lib/python3.13/site-packages/telebot/apihelper.py", line 168, in _make_request
    json_result = _check_result(method_name, result)
  File "/data/data/com.termux/files/usr/lib/python3.13/site-packages/telebot/apihelper.py", line 197, in _check_result
    raise ApiTelegramException(method_name, result, result_json)
telebot.apihelper.ApiTelegramException: A request to the Telegram API was unsuccessful. Error code: 409. Description: Conflict: terminated by other getUpdates request; make sure that only one bot instance is running
"
2026-04-24 20:20:02,411 (__init__.py:1254 MainThread) ERROR - TeleBot: "Threaded polling exception: A request to the Telegram API was unsuccessful. Error code: 409. Description: Conflict: terminated by other getUpdates request; make sure that only one bot instance is running"
2026-04-24 20:20:02,424 (__init__.py:1256 MainThread) ERROR - TeleBot: "Exception traceback:
Traceback (most recent call last):
  File "/data/data/com.termux/files/usr/lib/python3.13/site-packages/telebot/__init__.py", line 1247, in __threaded_polling
    polling_thread.raise_exceptions()
    ~~~~~~~~~~~~~~~~~~~~~~~~~~~~~~~^^
  File "/data/data/com.termux/files/usr/lib/python3.13/site-packages/telebot/util.py", line 116, in raise_exceptions
    raise self.exception_info
  File "/data/data/com.termux/files/usr/lib/python3.13/site-packages/telebot/util.py", line 98, in run
    task(*args, **kwargs)
    ~~~~^^^^^^^^^^^^^^^^^
  File "/data/data/com.termux/files/usr/lib/python3.13/site-packages/telebot/__init__.py", line 689, in __retrieve_updates
    updates = self.get_updates(offset=(self.last_update_id + 1),
                               allowed_updates=allowed_updates,
                               timeout=timeout, long_polling_timeout=long_polling_timeout)
  File "/data/data/com.termux/files/usr/lib/python3.13/site-packages/telebot/__init__.py", line 661, in get_updates
    json_updates = apihelper.get_updates(
        self.token, offset=offset, limit=limit, timeout=timeout, allowed_updates=allowed_updates,
        long_polling_timeout=long_polling_timeout)
  File "/data/data/com.termux/files/usr/lib/python3.13/site-packages/telebot/apihelper.py", line 339, in get_updates
    return _make_request(token, method_url, params=payload)
  File "/data/data/com.termux/files/usr/lib/python3.13/site-packages/telebot/apihelper.py", line 168, in _make_request
    json_result = _check_result(method_name, result)
  File "/data/data/com.termux/files/usr/lib/python3.13/site-packages/telebot/apihelper.py", line 197, in _check_result
    raise ApiTelegramException(method_name, result, result_json)
telebot.apihelper.ApiTelegramException: A request to the Telegram API was unsuccessful. Error code: 409. Description: Conflict: terminated by other getUpdates request; make sure that only one bot instance is running
"
2026-04-24 20:20:09,672 (__init__.py:1254 MainThread) ERROR - TeleBot: "Threaded polling exception: A request to the Telegram API was unsuccessful. Error code: 409. Description: Conflict: terminated by other getUpdates request; make sure that only one bot instance is running"
2026-04-24 20:20:09,685 (__init__.py:1256 MainThread) ERROR - TeleBot: "Exception traceback:
Traceback (most recent call last):
  File "/data/data/com.termux/files/usr/lib/python3.13/site-packages/telebot/__init__.py", line 1247, in __threaded_polling
    polling_thread.raise_exceptions()
    ~~~~~~~~~~~~~~~~~~~~~~~~~~~~~~~^^
  File "/data/data/com.termux/files/usr/lib/python3.13/site-packages/telebot/util.py", line 116, in raise_exceptions
    raise self.exception_info
  File "/data/data/com.termux/files/usr/lib/python3.13/site-packages/telebot/util.py", line 98, in run
    task(*args, **kwargs)
    ~~~~^^^^^^^^^^^^^^^^^
  File "/data/data/com.termux/files/usr/lib/python3.13/site-packages/telebot/__init__.py", line 689, in __retrieve_updates
    updates = self.get_updates(offset=(self.last_update_id + 1),
                               allowed_updates=allowed_updates,
                               timeout=timeout, long_polling_timeout=long_polling_timeout)
  File "/data/data/com.termux/files/usr/lib/python3.13/site-packages/telebot/__init__.py", line 661, in get_updates
    json_updates = apihelper.get_updates(
        self.token, offset=offset, limit=limit, timeout=timeout, allowed_updates=allowed_updates,
        long_polling_timeout=long_polling_timeout)
  File "/data/data/com.termux/files/usr/lib/python3.13/site-packages/telebot/apihelper.py", line 339, in get_updates
    return _make_request(token, method_url, params=payload)
  File "/data/data/com.termux/files/usr/lib/python3.13/site-packages/telebot/apihelper.py", line 168, in _make_request
    json_result = _check_result(method_name, result)
  File "/data/data/com.termux/files/usr/lib/python3.13/site-packages/telebot/apihelper.py", line 197, in _check_result
    raise ApiTelegramException(method_name, result, result_json)
telebot.apihelper.ApiTelegramException: A request to the Telegram API was unsuccessful. Error code: 409. Description: Conflict: terminated by other getUpdates request; make sure that only one bot instance is running
"
2026-04-24 20:20:13,240 (__init__.py:1254 MainThread) ERROR - TeleBot: "Threaded polling exception: A request to the Telegram API was unsuccessful. Error code: 400. Description: Bad Request: there is no text in the message to edit"
2026-04-24 20:20:13,250 (__init__.py:1256 MainThread) ERROR - TeleBot: "Exception traceback:
Traceback (most recent call last):
  File "/data/data/com.termux/files/usr/lib/python3.13/site-packages/telebot/__init__.py", line 1248, in __threaded_polling
    self.worker_pool.raise_exceptions()
    ~~~~~~~~~~~~~~~~~~~~~~~~~~~~~~~~~^^
  File "/data/data/com.termux/files/usr/lib/python3.13/site-packages/telebot/util.py", line 155, in raise_exceptions
    raise self.exception_info
  File "/data/data/com.termux/files/usr/lib/python3.13/site-packages/telebot/util.py", line 98, in run
    task(*args, **kwargs)
    ~~~~^^^^^^^^^^^^^^^^^
  File "/data/data/com.termux/files/usr/lib/python3.13/site-packages/telebot/__init__.py", line 10609, in _run_middlewares_and_handler
    result = handler['function'](message)
  File "/data/data/com.termux/files/home/telegram_bot/telegram_bot/bot.py", line 546, in callback_handler
    bot.delete_message(message.chat.id, status_msg.message_id)
    ~~~~~~~~~~~~~~~~~~^^^^^^^^^^^^^^^^^^^^^^^^^^^^^^^^^^^^^^^^
  File "/data/data/com.termux/files/usr/lib/python3.13/site-packages/telebot/__init__.py", line 5513, in edit_message_text
    result = apihelper.edit_message_text(
        self.token, text, chat_id=chat_id, message_id=message_id, inline_message_id=inline_message_id,
        parse_mode=parse_mode, entities=entities, reply_markup=reply_markup, link_preview_options=link_preview_options,
        business_connection_id=business_connection_id, timeout=timeout)
  File "/data/data/com.termux/files/usr/lib/python3.13/site-packages/telebot/apihelper.py", line 1688, in edit_message_text
    return _make_request(token, method_url, params=payload, method='post')
  File "/data/data/com.termux/files/usr/lib/python3.13/site-packages/telebot/apihelper.py", line 168, in _make_request
    json_result = _check_result(method_name, result)
  File "/data/data/com.termux/files/usr/lib/python3.13/site-packages/telebot/apihelper.py", line 197, in _check_result
    raise ApiTelegramException(method_name, result, result_json)
telebot.apihelper.ApiTelegramException: A request to the Telegram API was unsuccessful. Error code: 400. Description: Bad Request: there is no text in the message to edit
"
2026-04-24 20:20:28,448 (__init__.py:1254 MainThread) ERROR - TeleBot: "Threaded polling exception: A request to the Telegram API was unsuccessful. Error code: 409. Description: Conflict: terminated by other getUpdates request; make sure that only one bot instance is running"
2026-04-24 20:20:28,452 (__init__.py:1256 MainThread) ERROR - TeleBot: "Exception traceback:
Traceback (most recent call last):
  File "/data/data/com.termux/files/usr/lib/python3.13/site-packages/telebot/__init__.py", line 1247, in __threaded_polling
    polling_thread.raise_exceptions()
    ~~~~~~~~~~~~~~~~~~~~~~~~~~~~~~~^^
  File "/data/data/com.termux/files/usr/lib/python3.13/site-packages/telebot/util.py", line 116, in raise_exceptions
    raise self.exception_info
  File "/data/data/com.termux/files/usr/lib/python3.13/site-packages/telebot/util.py", line 98, in run
    task(*args, **kwargs)
    ~~~~^^^^^^^^^^^^^^^^^
  File "/data/data/com.termux/files/usr/lib/python3.13/site-packages/telebot/__init__.py", line 689, in __retrieve_updates
    updates = self.get_updates(offset=(self.last_update_id + 1),
                               allowed_updates=allowed_updates,
                               timeout=timeout, long_polling_timeout=long_polling_timeout)
  File "/data/data/com.termux/files/usr/lib/python3.13/site-packages/telebot/__init__.py", line 661, in get_updates
    json_updates = apihelper.get_updates(
        self.token, offset=offset, limit=limit, timeout=timeout, allowed_updates=allowed_updates,
        long_polling_timeout=long_polling_timeout)
  File "/data/data/com.termux/files/usr/lib/python3.13/site-packages/telebot/apihelper.py", line 339, in get_updates
    return _make_request(token, method_url, params=payload)
  File "/data/data/com.termux/files/usr/lib/python3.13/site-packages/telebot/apihelper.py", line 168, in _make_request
    json_result = _check_result(method_name, result)
  File "/data/data/com.termux/files/usr/lib/python3.13/site-packages/telebot/apihelper.py", line 197, in _check_result
    raise ApiTelegramException(method_name, result, result_json)
telebot.apihelper.ApiTelegramException: A request to the Telegram API was unsuccessful. Error code: 409. Description: Conflict: terminated by other getUpdates request; make sure that only one bot instance is running
"
2026-04-24 20:20:47,925 (__init__.py:1254 MainThread) ERROR - TeleBot: "Threaded polling exception: A request to the Telegram API was unsuccessful. Error code: 409. Description: Conflict: terminated by other getUpdates request; make sure that only one bot instance is running"
2026-04-24 20:20:47,938 (__init__.py:1256 MainThread) ERROR - TeleBot: "Exception traceback:
Traceback (most recent call last):
  File "/data/data/com.termux/files/usr/lib/python3.13/site-packages/telebot/__init__.py", line 1247, in __threaded_polling
    polling_thread.raise_exceptions()
    ~~~~~~~~~~~~~~~~~~~~~~~~~~~~~~~^^
  File "/data/data/com.termux/files/usr/lib/python3.13/site-packages/telebot/util.py", line 116, in raise_exceptions
    raise self.exception_info
  File "/data/data/com.termux/files/usr/lib/python3.13/site-packages/telebot/util.py", line 98, in run
    task(*args, **kwargs)
    ~~~~^^^^^^^^^^^^^^^^^
  File "/data/data/com.termux/files/usr/lib/python3.13/site-packages/telebot/__init__.py", line 689, in __retrieve_updates
    updates = self.get_updates(offset=(self.last_update_id + 1),
                               allowed_updates=allowed_updates,
                               timeout=timeout, long_polling_timeout=long_polling_timeout)
  File "/data/data/com.termux/files/usr/lib/python3.13/site-packages/telebot/__init__.py", line 661, in get_updates
    json_updates = apihelper.get_updates(
        self.token, offset=offset, limit=limit, timeout=timeout, allowed_updates=allowed_updates,
        long_polling_timeout=long_polling_timeout)
  File "/data/data/com.termux/files/usr/lib/python3.13/site-packages/telebot/apihelper.py", line 339, in get_updates
    return _make_request(token, method_url, params=payload)
  File "/data/data/com.termux/files/usr/lib/python3.13/site-packages/telebot/apihelper.py", line 168, in _make_request
    json_result = _check_result(method_name, result)
  File "/data/data/com.termux/files/usr/lib/python3.13/site-packages/telebot/apihelper.py", line 197, in _check_result
    raise ApiTelegramException(method_name, result, result_json)
telebot.apihelper.ApiTelegramException: A request to the Telegram API was unsuccessful. Error code: 409. Description: Conflict: terminated by other getUpdates request; make sure that only one bot instance is running
"
